customerID,flag_Churn
5240-CAOYT,0
2202-CUYXZ,1
6234-PFPXL,0
8645-KWHJO,0
7860-KSUGX,0
5808-TOTXO,0
5117-ZSMHQ,0
5067-WJEUN,0
7580-UGXNC,1
0042-JVWOJ,0
5651-YLPRD,0
3336-JORSO,1
0023-HGHWL,1
3352-RICWQ,0
4753-PADAS,0
9961-JBNMK,1
3055-VTCGS,0
0516-QREYC,0
7524-VRLPL,0
7359-SSBJK,1
7813-ZGGAW,0
4776-XSKYQ,0
6859-RKMZJ,0
2403-BCASL,1
9919-KNPOO,0
0584-BJQGZ,0
6386-SZZKH,1
4065-JJAVA,0
2988-QRAJY,0
0017-DINOC,0
0375-HVGXO,1
9231-ZJYAM,1
8922-NPKBJ,0
2577-GVSIL,0
5743-KHMNA,0
1197-BVMVG,0
8884-FEEWR,0
0748-RDGGM,1
0384-LPITE,0
7721-DVEKZ,0
6695-FRVEC,0
3211-AAPKX,0
4546-FOKWR,0
8017-LXHFA,1
5397-NSKQG,0
3590-TCXTB,0
2789-HQBOU,0
5203-XEHAX,0
1015-OWJKI,0
3043-TYBNO,0
5919-VCZYM,0
8903-WMRNW,0
9732-OUYRN,0
2885-HIJDH,0
7730-IUTDZ,1
0679-TDGAK,0
9259-PACGQ,1
2068-WWXQZ,0
3668-QPYBK,1
1991-VOPLL,0
7730-CLDSV,0
2649-HWLYB,0
5842-POCOP,1
2984-AFWNC,0
7825-GKXMW,1
6134-KWTBV,0
4079-WWQQQ,0
1302-UHBDD,0
4032-RMHCI,0
2509-TFPJU,0
3092-IGHWF,1
6435-VWCCY,0
8180-AKMJV,0
2558-BUOZZ,0
6198-PNNSZ,0
3351-NQLDI,1
9058-CBREO,1
9700-ZCLOT,0
1112-CUNAO,1
2346-LOCWC,0
5931-FLJJF,1
5906-CVLHP,1
9500-LTVBP,0
2209-XADXF,0
0921-OHLVP,0
5839-SUYVZ,0
8204-YJCLA,0
8404-VIOMB,0
0496-AHOOK,0
7030-NJVDP,0
2481-SBOYW,0
1043-YCUTE,1
4658-HCOHW,1
2408-PSJVE,0
8443-WVPSS,1
5804-HYIEZ,0
3320-VEOYC,0
1508-DFXCU,0
7318-EIVKO,0
0848-ZGQIJ,0
6904-JLBGY,0
1895-QTKDO,0
2050-ONYDQ,0
9494-BDNNC,0
3946-JEWRQ,0
8498-XXGWA,0
4350-ZTLPI,0
5832-EXGTT,0
7198-GLXTC,1
1159-WFSGR,0
6248-TKCQV,0
0345-XMMUG,0
8149-RSOUN,1
9601-BRXPO,1
3346-BRMIS,1
5893-KCLGT,0
6008-NAIXK,0
8043-PNYSD,0
7941-RCJOW,0
7996-MHXLW,0
1488-SYSFC,0
8433-WPJTV,0
2856-NNASM,1
7853-GVUDZ,1
5542-NKVRU,0
9600-NAXZN,1
9046-DQMTP,0
9938-PRCVK,0
6979-ZNSFF,1
7729-JTEEC,0
0114-PEGZZ,0
1373-ORVIZ,1
6265-SXWBU,0
6522-YRBXD,0
2082-CEFLT,1
1582-RAFML,1
2498-XLDZR,0
9489-JMTTN,0
1757-TCATG,0
6397-JNZZG,1
2121-JAFOM,0
9223-UCPVT,1
7850-VWJUU,0
1385-TQOZW,0
7673-LPRNY,0
7643-RCHXS,0
0847-HGRML,0
9933-QRGTX,0
0872-NXJYS,1
8169-SAEJD,0
7026-YMSBE,0
3486-NPGST,0
2474-BRUCM,1
0520-FDVVT,1
8659-HDIYE,0
4106-HADHQ,1
2636-SJDOU,0
9762-YAQAA,0
2229-VWQJH,0
9079-LWTFD,0
4742-TXUEX,0
4789-KWMXN,1
8984-HPEMB,0
7683-CBDKJ,1
7968-QUXNS,0
3727-JEZTU,0
6067-NGCEU,0
6734-GMPVK,0
6551-ZCOTS,0
6137-MFAJN,0
0674-GCDXG,0
9068-FHQHD,0
9734-YWGEX,1
1852-QSWCD,0
3027-ZTDHO,1
9392-XBGTD,0
9028-LIHRP,0
0164-APGRB,0
3196-NVXLZ,0
9650-VBUOG,0
2800-QQUSO,0
2550-AEVRU,0
5846-ABOBJ,0
0871-OPBXW,0
6473-ULUHT,0
5438-QMDDL,0
6794-HKIAJ,0
2270-CHBFN,0
7328-OWMOM,0
6923-EFPNL,1
1862-QRWPE,0
3018-TFTSU,1
0962-CQPWQ,0
0191-EQUUH,0
5119-KEPFY,0
3230-JCNZS,0
5146-YYFRZ,0
3191-CSNMG,0
9445-ZUEQE,0
9127-FHJBZ,0
1907-UBQFC,1
2193-SFWQW,0
7218-HKQFK,1
5945-AZYHT,0
3458-IDMFK,0
0337-CNPZE,1
8100-PNJMH,0
4109-CYRBD,0
5774-XZTQC,0
2725-TTRIQ,0
4646-QZXTF,0
8064-RAVOH,0
8148-WOCMK,0
0319-QZTCO,0
5915-ANOEI,0
2192-OZITF,0
9318-NKNFC,1
1796-JANOW,0
5875-YPQFJ,1
8205-OTCHB,1
7641-EUYET,1
3181-VTHOE,0
4927-WWOOZ,0
8788-DOXSU,0
1840-BIUOG,0
0839-JTCUD,0
2988-PLAHS,0
6143-JQKEA,0
6551-VLJMV,0
4178-EGMON,0
2391-SOORI,1
5572-ZDXHY,1
1597-LHYNC,1
3398-GCPMU,0
8413-YNHNV,0
8741-LQOBK,0
4576-CSAJH,1
5198-HQAEN,0
5465-BUBFA,0
8387-MOJJT,1
3665-JATSN,0
6332-FBZRI,0
9170-CCKOU,1
4855-SNKMY,1
7270-BDIOA,1
8917-SZTTJ,0
9609-BENEA,0
0771-CHWSK,0
0052-DCKON,0
2144-ESWKO,0
1468-DEFNC,0
5886-VLQVU,0
1092-WPIVQ,0
9932-WBWIK,0
8015-IHCGW,0
1135-LMECX,0
0310-VQXAM,0
3363-DTIVD,0
8384-FZBJK,0
1866-OBPNR,0
0536-BGFMZ,0
7563-BIUPC,1
1482-OXZSY,0
4412-YLTKF,1
2296-DKZFP,0
1930-BZLHI,0
6024-RUGGH,0
3948-XHGNA,1
3643-AHCFP,1
2499-AJYUA,0
7314-OXENN,1
7137-RYLPP,1
9895-VFOXH,0
1439-LCGVL,0
2669-QVCRG,0
3612-YUNGG,0
4854-SSLTN,0
1837-YQUCE,0
9767-FFLEM,0
6248-BSHKG,0
0224-RLWWD,0
3415-TAILE,1
3566-HJGPK,0
0191-ZHSKZ,0
9992-RRAMN,1
3754-DXMRT,1
4026-SKKHW,0
9489-UTFKA,0
4248-HCETZ,1
3509-GWQGF,0
0620-DLSLK,0
1518-OMDIK,0
2575-GFSOE,1
6982-UQZLY,1
4871-JTKJF,1
5197-YPYBZ,0
4694-PHWFW,0
4011-ARPHK,0
0867-MKZVY,1
9408-HRXRK,0
0786-VSSUD,1
6366-XIVKZ,0
5046-NUHWD,0
1091-SOZGA,0
6704-UTUKK,0
0118-JPNOY,0
1471-GIQKQ,0
8910-LEDAG,0
3721-WKIIL,0
4891-NLUBA,0
3413-CSSTH,0
2683-BPJSO,1
8603-IJWDN,1
9799-CAYJJ,0
8165-CBKXO,0
5360-LJCNJ,0
6892-XPFPU,1
4007-NHVHI,0
2405-LBMUW,0
3190-FZATL,0
5884-FBCTL,0
3842-IYKUE,1
9995-HOTOH,0
6508-NJYRO,0
7878-JGDKK,0
0392-BZIUW,0
3108-PCCGG,0
0314-TKOSI,0
2359-QWQUL,1
6769-DCQLI,1
1771-OADNZ,1
3640-PHQXK,1
3401-URHDA,0
9330-IJWIO,1
9306-CPCBC,1
9488-FVZCC,0
0567-XRHCU,0
7722-CVFXN,0
1702-CCFNJ,0
5115-GZDEL,0
7159-NOKYQ,0
9473-CBZOP,0
4727-MCYZG,0
1319-YLZJG,0
2720-WGKHP,1
7663-ZTEGJ,0
2429-AYKKO,0
4628-CTTLA,1
9971-ZWPBF,0
4760-THGOT,0
6166-ILMNY,1
9495-SKLKD,0
0607-MVMGC,0
7766-CLTIC,0
7993-PYKOF,1
9537-VHDTA,0
4086-YQSNZ,1
4573-JKNAE,0
2823-LKABH,0
2519-TWKFS,0
3376-BMGFE,1
7130-YXBRO,0
6481-OGDOO,1
2866-IKBTM,0
3097-FQTVJ,0
3807-BPOMJ,0
2368-GAKKQ,0
3969-GYXEL,0
6016-LVTJQ,0
3800-LYTRK,0
9661-JALZV,0
4397-FRLTA,0
7654-YWJUF,0
0952-KMEEH,1
8168-UQWWF,1
0784-GTUUK,0
4983-CCWMC,0
8565-WUXZU,0
6736-DHUQI,0
4701-AHWMW,1
8597-CWYHH,0
5380-XPJNZ,0
6265-FRMTQ,0
3723-BFBGR,0
2428-ZMCTB,0
5458-CQJTA,1
3757-NJYBX,1
7537-CBQUZ,0
2387-KDZQY,0
5982-XMDEX,0
6888-SBYAI,0
4633-MKHYU,0
3009-JWMPU,1
7779-LGOVN,1
2344-JMOGN,1
7100-FQPRV,0
7605-SNLQG,0
6985-HAYWX,0
9286-BHDQG,0
9867-JCZSP,0
2995-YWTCD,0
4324-BZCKL,0
7055-JCGNI,0
1222-KJNZD,0
1421-HCERK,0
7398-LXGYX,0
7253-UVNDW,1
1069-QJOEE,0
0020-INWCK,0
8807-ARQET,0
0739-UUAJR,0
8819-IMISP,0
6350-XFYGW,0
4583-PARNH,0
1741-WTPON,0
9371-BITHB,0
5628-RKIFK,0
1775-KWJKQ,0
8286-AFUYI,0
7874-ECPQJ,0
7530-HDYDS,1
2696-ECXKC,0
0754-EEBDC,0
3354-OADJP,0
6368-NWMCE,0
5985-TBABQ,0
0946-FKYTX,0
2957-JIRMN,0
3617-XLSGQ,0
6483-OATDN,0
9498-FIMXL,0
4636-JGAAI,0
5649-RXQTV,0
5751-USDBL,0
0562-HKHML,0
1184-PJVDB,1
1415-YFWLT,1
4873-ILOLJ,1
8378-LKJAF,0
0112-QAWRZ,0
3569-JFODW,0
7853-WNZSY,0
7377-DMMRI,1
5099-BAILX,1
6333-YDVLT,0
3453-RTHJQ,0
4525-VZCZG,0
9450-TRJUU,0
4451-RWASJ,0
6513-EECDB,1
2495-KZNFB,0
6919-ELBGL,0
3956-MGXOG,0
2896-TBNBE,0
0336-PIKEI,0
9770-KXGQU,0
9763-GRSKD,0
7243-LCGGZ,0
2233-FAGXV,0
1354-YZFNB,0
4566-GOLUK,1
1226-UDFZR,1
9889-TMAHG,1
7216-KAOID,0
9830-ECLEN,0
9282-IZGQK,1
5312-UXESG,0
0196-VULGZ,1
4062-HBMOS,0
2408-WITXK,1
0675-NCDYU,0
9548-LIGTA,0
4312-GVYNH,0
9576-ANLXO,1
9351-LZYGF,0
4450-YOOHP,0
5857-XRECV,0
4114-QMKVN,0
9828-QHFBK,0
9507-HSMMZ,0
5553-AOINX,0
2379-GYFLQ,0
9067-YGSCA,0
7596-IIWYC,0
2371-JUNGC,0
9415-ZNBSX,0
8532-UEFWH,0
0479-HMSWA,0
6625-FLENO,0
4234-XTNEA,0
1899-VXWXM,1
5115-SQAAU,0
4560-WQAQW,0
7245-NIIWQ,0
7798-JVXYM,0
9220-ZNKJI,0
8079-XRJRS,1
7130-VTEWQ,1
6015-VVHHE,1
9752-ZNQUT,0
3312-ZWLGF,0
4301-VVZKA,0
8461-EFQYM,0
5177-RVZNU,0
2122-YWVYA,0
4940-KHCWD,0
4817-KEQSP,0
6103-LIANB,0
1031-IIDEO,1
3173-NVMPX,0
0516-UXRMT,0
7569-NMZYQ,0
3345-JHUEO,0
0228-MAUWC,0
7576-JMYWV,0
3956-CJUST,0
4521-YEEHE,0
4013-GUXND,0
1089-HDMKP,0
2969-QWUBZ,0
5644-PDMZC,1
7153-OANIO,1
8592-PLTMQ,0
2931-SVLTV,0
1248-DYXUB,0
5016-LIPDW,0
2674-MIAHT,0
0107-WESLM,1
5498-IBWPI,0
1619-YWUBB,0
3452-GWUIN,0
1400-WIVLL,0
8393-DLHGA,1
4759-PXTAN,0
4367-NHWMM,0
4948-WBBKL,0
3249-ZPQRG,1
5655-JSMZM,1
6631-HMANX,0
7317-GGVPB,1
4869-EPIUS,0
6234-RAAPL,0
9143-CANJF,0
6352-TWCAU,1
8840-DQLGN,1
4067-HLYQI,0
7410-KTVFV,1
0254-FNMCI,0
3536-IQCTX,1
2259-OUUSZ,0
7361-YPXFS,0
1432-FPAXX,1
8949-JTMAY,1
4700-UBQMV,0
1934-SJVJK,1
2195-VVRJF,0
9385-EHGDO,0
6101-IMRMM,1
1707-HABPF,0
3373-DIUUN,0
4616-ULAOA,0
3096-YXENJ,0
3079-BCHLN,0
6035-RIIOM,0
1061-PNTHC,0
3682-YEUWS,0
8687-BAFGU,0
0515-YPMCW,1
5569-IDSEY,0
5399-ZIMKF,0
5997-OPVFA,0
4020-KIUDI,0
0565-JUPYD,0
9467-ROOLM,0
4310-KEDTB,0
2432-TFSMK,0
7363-QTBIW,0
1335-HQMKX,0
4929-BSTRX,1
2812-REYAT,0
0895-LNKRC,0
6693-FRIRW,0
3521-HTQTV,0
6651-AZVTJ,1
7036-ZZKBD,0
4962-CHQPW,0
9430-NKQLY,0
7044-YAACC,0
0269-XFESX,0
7181-OQCUT,0
4277-PVRAN,1
8008-ESFLK,0
1492-QGCLU,0
7416-CKTEP,0
4526-EXKKN,0
5712-AHQNN,0
0136-IFMYD,0
9249-FXSCK,1
8751-EDEKA,0
9091-WTUUY,0
3460-TJBWI,0
4334-HOWRP,0
6323-AYBRX,1
0727-BMPLR,1
3519-ZKXGG,1
5095-AESKG,1
5423-BHIXO,0
5124-EOGYE,0
2712-SYWAY,0
8942-DBMHZ,0
6999-CHVCF,0
1093-YSWCA,0
6288-CHQJB,0
2014-MKGMH,0
7094-MSZAO,0
0684-AOSIH,1
2311-QYMUQ,1
9361-YNQWJ,0
5921-NGYRH,0
0354-WYROK,1
6583-SZVGP,0
4482-FTFFX,0
8104-OSKWT,0
2920-RNCEZ,0
7241-AJHFS,0
4536-PLEQY,0
5274-XHAKY,0
0623-IIHUG,1
5461-QKNTN,0
9972-NKTFD,0
1587-FKLZB,1
8993-IZEUX,0
0744-GKNGE,0
5846-QFDFI,0
8237-ULIXL,0
6855-VLGOS,0
0730-BGQGF,0
3316-UWXUY,0
7123-WQUHX,0
5671-UUNXD,0
1686-STUHN,0
4049-ZPALD,0
6244-BESBM,0
2504-DSHIH,0
2916-BQZLN,0
5049-GLYVG,1
9436-ZBZCT,1
5609-CEBID,1
1891-FZYSA,1
3413-BMNZE,0
3785-NRHYR,0
5317-FLPJF,0
7544-ZVIKX,0
0899-WZRSD,0
7786-WBJYI,1
3399-BMLVW,0
0356-ERHVT,0
0396-YCHWO,0
6933-FHBZC,0
3327-YBAKM,0
8201-AAXCB,0
5778-BVOFB,0
4779-ZGICK,0
0454-OKRCT,0
2342-CKIAO,0
0907-HQNTS,0
6479-OAUSD,0
2325-NBPZG,0
2761-OCIAX,1
2302-OUZXB,0
7016-NVRIC,0
9647-ERGBE,1
0013-MHZWF,0
6894-LFHLY,1
8404-GFGCZ,0
5151-HQRDG,0
9250-WYPLL,1
9281-CEDRU,0
2049-BAFNW,0
3339-EAQNV,0
4316-XCSLJ,0
5515-IDEJJ,1
9581-GVBXT,0
3003-CMDUU,0
2845-AFFTX,1
3878-AVSOQ,0
6402-EJMWF,0
2081-VEYEH,0
5393-RXQSZ,1
0621-TWIEM,1
1833-TCXKK,0
2316-ESMLS,0
6923-JHPMP,0
8158-WPEZG,0
0619-OLYUR,0
6847-KJLTS,0
0334-ZFJSR,0
7184-LRUUR,0
9685-WKZGT,1
7638-QVMVY,1
2815-CPTUL,1
7817-BOQPW,1
6968-GMKPR,0
1227-UDMZR,0
3898-GUYTS,0
4804-NCPET,0
7402-EYFXX,0
0042-RLHYP,0
0164-XAIRP,0
2898-LSJGD,1
8510-AWCXC,1
3378-AJRAO,0
3957-LXOLK,1
9505-SQFSW,0
4139-JPIAM,0
7234-KMNRQ,0
1569-TTNYJ,1
1345-GKDZZ,0
3317-VLGQT,0
5882-CMAZQ,0
6465-GSRCL,0
2616-FLVQC,0
2200-DSAAL,0
4203-QGNZA,0
2956-GGUCQ,1
2528-HFYZX,1
0404-AHASP,0
5027-QPKTE,1
2829-HYVZP,0
0481-SUMCB,0
9838-BFCQT,0
2228-BZDEE,0
5973-EJGDP,0
3768-NLUBH,1
6218-KNUBD,0
5482-NUPNA,1
7854-FOKSF,1
1431-CYWMH,0
7706-DZNKK,0
9992-UJOEL,0
8573-CGOCC,0
7994-XIRTR,0
0231-LXVAP,1
8390-FESFV,0
2072-ZVJJX,0
6692-UDPJC,1
1853-UDXBW,1
2208-NQBCT,0
6992-TKNYO,0
4765-OXPPD,1
9448-REEVD,1
7064-FRRSW,0
8261-GWDBQ,0
7047-YXDMZ,0
3420-YJLQT,0
9019-QVLZD,1
3910-MRQOY,0
5701-SVCWR,0
3530-CRZSB,0
8382-SHQEH,1
6121-VZNQB,1
7156-MHUGY,1
9135-HSWOC,0
6257-RJOHI,0
2234-EOFPT,0
9715-WZCLW,0
5980-BDHPY,0
7682-AZNDK,0
5442-PPTJY,0
5699-BNCAS,0
6496-SLWHQ,1
5219-YIPTK,1
3212-KXOCR,0
2439-QKJUL,0
0621-JFHOL,0
4713-ZBURT,0
4566-NECEV,0
1559-DTODC,0
1960-UOTYM,0
7869-ZYDST,0
6718-BDGHG,0
0848-SOMKO,0
6158-DWPZT,1
9626-VFRGG,0
4373-MAVJG,1
3170-GWYKC,0
5898-IGSLP,0
0969-RGKCU,0
5271-DBYSJ,0
9643-YBLUR,0
7101-HRBLJ,0
7622-NXQZR,0
7860-UXCRM,0
1272-ILHFG,0
8071-SBTRN,0
2746-DIJLO,0
0533-UCAAU,0
8722-NGNBH,1
8975-SKGRX,0
7839-QRKXN,1
7404-JLKQG,0
9033-EOXWV,1
6108-OQZDQ,1
3062-ICYZQ,0
3902-FOIGH,1
2462-XIIJB,1
2335-GSODA,0
2027-CWDNU,0
1386-ZIKUV,0
7733-UDMTP,0
3282-ZISZV,0
4713-LZDRV,1
1087-GRUYI,0
0916-KNFAJ,0
8606-OEGQZ,0
4547-KQRTM,1
4097-YODCF,0
0784-ZQJZX,0
1447-GIQMR,1
3716-BDVDB,1
4912-PIGUY,0
2430-RRYUW,0
0123-CRBRT,0
9928-BZVLZ,0
2851-MMUTZ,0
0701-RFGFI,0
2108-XWMPY,1
8292-TYSPY,1
1839-FBNFR,0
7434-SHXLS,1
3597-YASZG,0
9546-CQJSU,1
2275-RBYQS,0
7109-MFBYV,0
6231-WFGFH,0
1752-OZXFY,0
3125-RAHBV,0
4701-LKOZD,0
7228-PAQPD,0
4255-DDUOU,1
2778-OCLGR,1
6941-PMGEP,1
3815-SLMEF,1
9962-BFPDU,0
5442-UTCVD,1
2612-RRIDN,1
2817-LVCPP,0
5756-JYOJT,0
9339-FIIJL,0
2108-YKQTY,1
5567-WSELE,1
1685-BQULA,0
6283-GITPX,0
6369-MCAKO,0
1444-VVSGW,1
2190-BCXEC,0
4385-ZKVNW,0
0743-HNPFG,0
8559-CIZFV,1
5847-MXBEO,0
2609-IAICY,1
5712-PTIWW,1
2235-ZGKPT,1
9572-MTILT,1
6156-UZDLF,0
4747-LCAQL,0
7255-SSFBC,0
4116-IQRFR,0
2560-QTSBS,0
1291-CUOCY,0
5248-RPYWW,0
0769-MURVM,0
0702-PGIBZ,1
4883-QICIH,1
6620-HVDUJ,0
8565-CLBZW,1
4671-LXRDQ,1
7459-IMVYU,0
1998-VHJHK,0
1430-SFQSA,0
6047-YHPVI,1
6010-DDPPW,0
2931-FSOHN,0
6166-YIPFO,0
3518-PZXZQ,0
9839-ETQOE,0
7925-PNRGI,0
3334-CTHOL,1
4702-IOQDC,1
5949-XIKAE,1
2774-LVQUS,1
5294-CDGWY,1
6986-IXNDM,0
9003-CPATH,0
2883-ILGWO,0
0361-HJRDX,0
5940-NFXKV,1
0048-PIHNL,0
5724-BIDBU,0
6137-NICCO,0
1179-INLAT,0
6445-TNRXS,0
1447-PJGGA,1
6952-OMNWB,0
7940-UQQUG,0
7319-ZNRTR,0
8875-AKBYH,0
4900-MSOMT,0
5266-PFRQK,0
7660-HDPJV,1
9253-QXKBE,1
2017-CCBLH,0
0111-KLBQG,0
9210-IAHGH,1
5198-EFNBM,0
9504-DSHWM,0
9625-RZFUK,0
4465-VDKIQ,0
4441-NIHPT,1
7188-CBBBA,0
1740-CSDJP,1
9432-RUVSL,0
5624-BQSSA,1
6892-BOGQE,0
2568-BRGYX,1
5307-DZCVC,1
9975-GPKZU,0
0979-PHULV,1
9239-ZBZZV,1
1658-XUHBX,0
8784-CGILN,1
4902-OHLSK,1
9402-ROUMJ,0
8250-ZNGGW,0
0804-XBFBV,0
1579-KLYDT,1
0419-YAAPX,0
4989-LIXVT,0
8901-HJXTF,1
3932-CMDTD,1
0508-SQWPL,0
5397-TUPSH,0
6713-OKOMC,0
2933-FILNV,1
5429-LWCMV,0
5349-AZPEW,0
5360-XGYAZ,0
1025-FALIX,0
6211-WWLTF,0
6051-PTVNS,0
4456-RHSNB,0
4295-YURET,0
4767-HZZHQ,0
2595-KIWPV,0
0970-QXPXW,0
6549-BTYPG,0
5170-PTRKA,0
0019-GFNTW,0
0795-LAFGP,0
3709-OIJEA,0
7663-CUXZB,0
5845-BZZIB,0
1357-MVDOZ,0
2801-NISEI,0
9605-WGJVW,0
6408-WHTEF,0
7503-ZGUZJ,1
7838-LAZFO,0
0489-WMEMG,0
2208-NKVVH,0
0187-WZNAB,0
8761-NSOBC,1
7868-TMWMZ,0
7521-AFHAB,0
7567-ECMCM,0
2828-SLQPF,0
6584-VQMYT,0
4827-USJHP,0
4024-CSNBY,0
4110-PFEUZ,1
4323-ELYYB,0
0533-BNWKF,1
9050-IKDZA,0
1268-ASBGA,1
9298-WGMRW,0
9445-SZLCH,1
2074-GUHPQ,0
6481-ESCNL,0
9488-HGMJH,1
7727-SHVZV,0
6362-QHAFM,0
9576-SYUHJ,0
8514-VZHEB,0
8690-ZVLCL,0
5619-XZZKR,0
9046-JBFWA,0
8869-TORSS,1
4910-GMJOT,1
0655-YDGFJ,0
0426-TIRNE,1
2753-JMMCV,0
3845-JHAMY,0
6507-DTJZV,0
7131-ZQZNK,0
1709-EJDOX,0
0187-QSXOE,0
1960-UYCNN,0
2725-IWWBA,0
9938-EKRGF,0
4559-UWIHT,0
0936-NQLJU,0
6559-ILWKJ,1
8347-GDTMP,0
3750-CKVKH,1
8778-LMWTJ,0
2911-WDXMV,0
4923-ADWXJ,0
5858-EAFCZ,0
9541-ZPSEA,0
2237-ZFSMY,1
1207-BLKSA,0
4450-MDZFX,0
2955-BJZHG,1
4112-LUEIZ,1
5727-MYATE,0
7033-CLAMM,0
6549-YMFAW,0
5976-JCJRH,1
5016-ETTFF,1
4013-UBXWQ,1
8626-PTQGE,0
5089-IFSDP,1
7394-LWLYN,0
0430-IHCDJ,0
8735-NBLWT,0
3769-MHZNV,0
7932-WPTDS,1
9924-JPRMC,0
3086-RUCRN,0
2430-USGXP,1
6900-PXRMS,1
8374-XGEJJ,1
3177-LASXD,1
6579-JPICP,0
7266-GSSJX,0
7758-UJWYS,0
7675-OZCZG,1
9793-WECQC,0
1251-STYSZ,0
3389-KTRXV,0
6302-JGYRJ,1
2384-OVPSA,0
1173-XZPYF,0
8750-QWZAJ,0
6440-DKQGE,0
0471-ARVMX,0
9880-TDQAC,0
0376-OIWME,0
0103-CSITQ,0
2324-EFHVG,0
2232-DMLXU,1
9040-KZVWO,0
0505-SPOOW,0
6352-GIGGQ,0
3197-NNYNB,0
4092-OFQZS,0
2884-GBPFB,1
1260-TTRXI,1
9189-JWSHV,1
5685-IIXLY,1
5383-MMTWC,1
4190-MFLUW,1
1436-ZMJAN,0
9845-QOMAD,0
4547-FZJWE,0
4647-MUZON,0
1177-XZBJL,0
1641-RQDAY,0
3635-QQRQD,0
3308-JSGML,0
3966-HRMZA,0
7343-EOBEU,0
4423-JWZJN,0
0295-QVKPB,0
4603-JANFB,1
1194-BHJYC,0
3393-FMZPV,1
2239-CFOUJ,0
6861-XWTWQ,1
9803-FTJCG,0
4187-CINZD,1
9944-AEXBM,0
1866-NXPSP,0
2252-ISRNH,0
1768-ZAIFU,1
4476-OSWTN,0
7752-XUSCI,1
6120-RJKLU,0
4718-WXBGI,0
3946-MHCZW,1
5148-HKFIR,0
7734-DBOAI,1
4636-OLWOE,0
6135-OZQVA,0
7969-AULMZ,1
7696-AMHOD,0
2664-XJZNO,0
9412-ARGBX,1
9360-OMDZZ,0
3999-WRNGR,0
4801-KFYKL,0
1020-JPQOW,0
3945-GFWQL,1
5167-GBFRE,1
8444-WRIDW,1
3055-OYMSE,0
8747-UDCOI,0
1247-QBVSH,0
4881-JVQOD,0
4957-SREEC,0
4909-JOUPP,0
5940-AHUHD,1
4228-ZGYUW,1
2277-BKJKN,0
8966-KZXXA,0
2234-XADUH,0
9142-XMYJH,0
0238-WHBIQ,0
7526-IVLYU,0
2790-XUYMV,0
3217-FZDMN,1
6893-ODYYE,0
4351-QLCSU,1
6872-HXFNF,0
0168-XZKBB,0
7722-VJRQD,0
1229-RCALF,0
1877-HKBQX,0
2587-EKXTS,0
4366-CTOUZ,0
0927-CNGRH,0
3422-WJOYD,0
7169-YWAMK,0
2378-HTWFW,0
6827-IEAUQ,0
7054-LGEQW,1
3276-HDUEG,1
4391-RESHN,1
9681-KYGYB,0
3133-PZNSR,0
9777-WJJPR,0
1097-FSPVW,0
0224-NIJLP,0
0248-PGHBZ,0
3761-FLYZI,0
2079-FBMZK,1
6661-HBGWL,1
1402-PTHGN,0
2927-CVULT,0
1154-HYWWO,0
3400-ESFUW,1
2911-IJORQ,0
2985-JUUBZ,0
4853-RULSV,1
3247-ZVOUO,1
6500-JVEGC,0
2718-YSKCS,0
6877-LGWXO,1
8017-UVSZU,0
6266-QHOJZ,0
3678-MNGZX,0
2882-DDZPG,0
8587-XYZSF,0
3452-ABWRL,0
2725-KXXWT,1
6242-SGYTS,0
5542-DHSXL,0
5150-LJNSR,0
2454-RPBRZ,1
9381-NDKME,1
3943-KDREE,1
2675-OTVVJ,0
5795-KTGUD,0
6311-UEUME,1
6905-NIQIN,1
3211-ILJTT,1
6711-VTNRE,1
2446-ZKVAF,0
7206-GZCDC,1
5133-POWUA,0
7136-IHZJA,0
9847-HNVGP,0
4781-ZXYGU,0
0840-DFEZH,0
0979-MOZQI,0
5199-FPUSP,0
2460-NGXBJ,0
8076-FEZKJ,0
8388-FYNPZ,0
2096-XOTMO,0
5955-ERIHD,1
9885-CSMWE,1
5310-NOOVA,0
4023-RTIQM,0
8896-BQTTI,0
7691-KGKGP,0
4730-AWNAU,0
7577-SWIFR,0
9540-JYROE,1
9680-NIAUV,0
2371-KFUOG,0
3675-EQOZA,0
9661-MHUMO,1
0679-IDSTG,1
8107-KNCIM,0
6518-LGAOV,1
0080-EMYVY,0
1897-RCFUM,0
3059-NGMXB,0
5692-ICXLW,0
7568-PODML,1
9821-BESNZ,0
5555-RNPGT,0
7173-TETGO,0
0484-FFVBJ,0
2055-SIFSS,0
3508-CFVZL,0
3727-OWVYD,0
5849-ASHZJ,0
8012-SOUDQ,0
5281-BUZGT,1
3227-WLKLI,0
3512-IZIKN,1
0082-OQIQY,0
0795-GMVQO,0
5879-HMFFH,0
2985-FMWYF,0
3571-DPYUH,0
2656-FMOKZ,1
6114-TCFID,0
0487-RPVUM,0
2947-DOMLJ,1
3620-EHIMZ,0
5052-PNLOS,1
1465-LNTLJ,0
1142-IHLOO,0
5730-DBDSI,0
4115-NZRKS,0
8740-CRYFY,1
8608-OZTLB,0
7872-BAAZR,0
0939-EREMR,0
6298-QDFNH,1
9572-WUKSB,0
8819-WFGGJ,0
7392-YYPYJ,0
8495-LJDFO,0
7617-EYGLW,0
1641-BYBTK,0
7954-MLBUN,0
3005-TYFRD,0
6390-DSAZX,1
8496-EJAUI,1
9846-GKXAS,1
4741-WWJQZ,0
9987-LUTYD,0
2599-CZABP,0
5229-DTFYB,0
4119-ZYPZY,0
1389-CXMLU,1
9822-WMWVG,0
0815-MFZGM,0
6728-WYQBC,0
9272-LSVYH,0
1334-PDUKM,0
9861-PDSZP,0
5140-FOMCQ,0
5018-HEKFO,0
2886-KEFUM,1
7009-LGECI,0
3296-SILRA,1
5550-VFRLC,1
1545-ACTAS,0
9795-VOWON,0
7089-XXAYG,0
0201-OAMXR,1
6281-FKEWS,0
5499-ECUTN,0
7075-BNDVQ,0
8241-JUIQO,0
4817-VYYWS,1
8785-CJSHH,0
8755-IWJHN,0
7153-CHRBV,0
9509-MPYOD,0
0112-QWPNC,1
3777-XROBG,0
6778-JFCMK,0
0247-SLUJI,0
5567-GZKQY,0
7531-GQHME,0
2754-SDJRD,0
9399-APLBT,1
3982-XWFZQ,1
4890-VMUAV,0
6115-ZTBFQ,0
2114-MGINA,1
6556-DBKZF,0
1536-HBSWP,0
5129-JLPIS,0
5956-VKDTT,1
4983-CLMLV,0
8095-WANWK,0
7493-GVFIO,0
6976-BWGLQ,0
1936-UAFEH,0
8639-NHQEI,0
3402-XRIUO,0
6331-LWDTQ,1
1051-GEJLJ,0
3055-MJDSB,0
0603-TPMIB,0
6765-MBQNU,0
4237-RLAQD,1
9526-BIHHD,1
4192-GORJT,1
5663-QBGIS,0
3663-MITLP,1
7048-GXDAY,0
0576-WNXXC,1
6141-OOXUQ,1
4360-QRAVE,0
5650-VDUDS,1
5334-JLAXU,0
4488-KQFDT,0
0723-FDLAY,0
4572-DVCGN,1
8879-ZKJOF,0
0508-OOLTO,0
6727-IOTLZ,0
4760-XOHVN,1
3090-LETTY,0
1919-RTPQD,0
0519-XUZJU,1
3318-ISQFQ,0
1320-REHCS,0
1150-WFARN,1
1689-YQBYY,0
6620-JDYNW,0
6339-DKLMK,0
1965-AKTSX,1
7113-HIPFI,0
0129-QMPDR,0
6997-UVGOX,0
2824-MYYBN,0
9221-OTIVJ,1
3280-MRDOF,0
0725-CXOTM,0
0697-ZMSWS,1
4803-LBYPN,0
5197-LQXXH,0
4291-YZODP,0
2692-AQCPF,0
4801-JZAZL,0
6994-KERXL,0
2320-TZRRH,0
2880-FPNAE,0
4797-MIWUM,0
9874-QLCLH,1
9747-DDZOS,1
8164-OCKUJ,0
6233-HXJMX,0
1596-OQSPS,0
0999-QXNSA,0
4012-YCFAI,0
6705-LNMDD,0
8957-THMOA,0
9128-CPXKI,0
5027-YOCXN,0
8406-LNMHF,0
1814-WFGVS,0
5834-ASPWA,1
1422-DGUBX,0
7797-EJMDP,0
2516-XSJKX,0
4707-YNOQA,0
1872-EBWSC,0
1060-ENTOF,0
1734-ZMNTZ,0
8519-QJGJD,1
1932-UEDCX,0
6082-OQFBA,0
9919-FZDED,0
1832-PEUTS,0
5766-FTRTS,0
8809-RIHDD,1
7470-MCQTK,1
3384-CTMSF,0
3913-RDSJZ,0
5201-USSQZ,0
8327-LZKAS,1
7623-TRNQN,1
5982-FPVQN,0
4644-PIZRT,0
7526-BEZQB,1
5552-ZNFSJ,1
7978-DKUQH,0
4043-MKDTV,0
8070-AAWZP,0
5311-IHLEI,0
9415-TPKRV,0
2995-UPRYS,1
9531-NSBMR,0
9115-YQHGA,0
2164-SOQXL,0
0871-URUWO,1
0074-HDKDG,0
9504-YAZWB,0
8718-PTMEZ,1
3374-TTZTK,0
3779-OSWCF,0
6685-XSHHU,0
5442-BXVND,0
5003-OKNNK,0
0895-DQHEW,1
5469-CTCWN,1
0958-YHXGP,0
1304-SEGFY,0
6047-SUHPR,0
8221-EQDGL,0
4878-BUNFV,0
0869-PAPRP,0
9711-FJTBX,0
8775-LHDJH,1
5590-YRFJT,1
0463-WZZKO,0
7008-LZVOZ,0
6839-ITVZJ,1
8128-YVJRG,1
1099-GODLO,0
9360-AHGNL,1
9578-FOMUK,0
7562-UXTPG,0
3658-QQJYD,0
2538-OIMXF,0
6754-LZUKA,0
5505-OVWQW,0
1591-XWLGB,0
1099-BTKWT,0
3811-VBYBZ,1
8065-QBYTO,0
6557-BZXLQ,0
6860-YRJZP,0
4116-TZAQJ,1
8225-BTJAU,1
9208-OLGAQ,0
5562-BETPV,0
3810-PJUHR,0
6810-VCAEX,0
4193-IBKSW,0
9940-HPQPG,1
2731-GJRDG,0
5153-LXKDT,0
5696-JVVQY,0
4083-EUGRJ,1
4847-TAJYI,0
7252-NTGSS,0
4365-MSDYN,0
5277-ZLOOR,1
8203-XJZRC,0
8464-EETCQ,0
6629-CZTTH,1
2724-FJDYW,0
9076-AXYIK,0
6925-BAYGL,0
7919-ZODZZ,0
4584-LBNMK,0
8570-KLJYJ,0
7277-KAMWT,0
7365-BVCJH,0
7963-GQRMY,1
4510-HIMLV,1
7601-GNDYK,0
0564-JJHGS,1
1024-VRZHF,1
2386-LAHRK,1
2150-UWTFY,1
5939-XAIXZ,0
3572-UUHRS,0
4143-OOBWZ,1
2840-XANRC,1
3450-WXOAT,0
3428-XZMAZ,1
7892-POOKP,1
4717-GHADL,0
3635-JBPSG,0
9885-AIBVB,0
3292-PBZEJ,0
2516-VQRRV,1
6825-UYPFK,1
9172-ANCRX,1
4140-WJAWW,1
3963-RYFNS,0
9708-KFDBY,0
3976-HXHCE,0
8871-JLMHM,0
9277-JOOMO,0
2700-LUEVA,0
1618-CFHME,1
3466-BYAVD,0
1043-UXOVO,0
9244-ZVAPM,0
1723-HKXJQ,1
8878-RYUKI,0
2962-XPMCQ,1
4656-CAURT,0
3744-ZBHON,0
8708-XPXHZ,1
1342-JPNKI,1
2692-PFYTJ,0
5701-ZIKJE,0
6351-SCJKT,0
9057-SIHCH,1
1626-ERCMM,1
9943-VSZUV,0
4012-ZTHBR,0
3244-CQPHU,0
3935-TBRZZ,0
0282-NVSJS,0
6339-TBELP,0
6614-YWYSC,0
2027-WKXMW,0
4128-ETESU,0
5181-OABFK,0
0722-TROQR,1
1488-PBLJN,0
2672-OJQZP,0
6172-FECYY,1
6176-YJWAS,0
4521-WFJAI,0
4418-LZMSV,0
4929-ROART,0
3970-XGJDU,0
9776-CLUJA,1
2673-CXQEU,0
9369-XFEHK,1
2848-YXSMW,0
2252-JHJGE,0
7661-CPURM,0
5446-DKWYW,0
1996-DBMUS,0
6502-KUGLL,0
1976-CFOCS,1
8999-YPYBV,0
5995-OIGLP,1
2615-YVMYX,0
5837-LXSDN,0
0641-EVBOJ,0
2535-PBCGC,0
3549-ZTMNH,0
3068-OMWZA,1
3887-PBQAO,0
6696-YDAYZ,0
4323-SADQS,1
5313-FPXWG,0
2889-FPWRM,1
8847-GEOOQ,0
8739-QOTTN,0
5248-YGIJN,0
3256-EZDBI,0
6813-GZQCG,0
0654-HMSHN,1
2748-MYRVK,1
1527-SXDPN,1
6595-YGXIT,1
1785-BPHTP,0
3070-BDOQC,0
9824-QCJPK,0
2279-AXJJK,0
9000-PLFUZ,0
6974-DAFLI,0
7435-ZNUYY,0
5227-JSCFE,0
2129-ALKBS,0
9334-GWGOW,0
4137-JOPHL,0
5295-PCJOO,1
5736-YEJAX,0
5569-KGJHX,1
4919-IKATY,1
2811-POVEX,0
9029-FEGVJ,0
3806-DXQOM,1
4293-ETKAP,0
2642-MAWLJ,0
9447-YPTBX,0
3719-TDVQB,0
8626-XHBIE,0
8760-ZRHKE,0
7550-WIQVA,0
6421-SZVEM,0
4933-IKULF,0
7596-ZYWBB,0
9137-UIYPG,0
0823-HSCDJ,1
0562-FGDCR,0
7611-YKYTC,0
3262-EIDHV,0
0052-YNYOT,0
9225-BZLNZ,0
1710-RCXUS,0
0295-PPHDO,1
6505-OZNPG,0
3026-ATZYV,0
5175-WLYXL,0
0795-XCCTE,0
6060-QBMGV,0
4830-FAXFM,0
4824-GUCBY,0
7279-BUYWN,1
2988-GBIVW,0
5180-UCIIQ,1
8242-PDSGJ,0
6840-RESVB,0
6080-TCMYC,0
3186-AJIEK,0
6719-FGEDO,0
1133-KXCGE,0
7781-HVGMK,0
2675-IJRGJ,0
1304-NECVQ,1
9133-AYJZG,0
2592-HODOV,0
8086-OVPWV,1
7240-ETPTR,1
3804-RVTGV,1
1156-ZFYDO,0
2525-GVKQU,0
7855-DIWPO,0
5993-JSUWV,0
8185-UPYBR,1
7663-RGWBC,1
3411-WLRSQ,0
5196-SGOAK,1
8597-CTXVJ,0
6833-JMZYP,0
3253-HKOKL,0
0732-OCQOC,0
4644-OBGFZ,0
9396-ZSFLL,0
7641-TQFHN,0
6896-SRVYQ,0
1658-TJVOA,0
7534-BFESC,1
5216-WASFJ,0
3128-YOVTD,0
2041-JIJCI,0
2608-BHKFN,1
1395-OFUWC,0
8008-OTEZX,0
0023-UYUPN,0
0308-IVGOK,0
0991-BRRFB,1
5975-BAICR,0
0572-ZJKLT,0
5616-PRTNT,1
5519-TEEUH,0
1502-XFCVR,1
9254-RBFON,1
9481-WHGWY,0
9978-HYCIN,0
5924-SNGKP,0
4429-WYGFR,0
9420-LOJKX,1
6870-ZWMNX,0
3847-BAERP,0
3737-GCSPV,1
1963-VAUKV,1
4548-SDBKE,1
2887-JPYLU,0
3976-BWUCK,1
1015-JPFYW,0
8746-OQQRW,0
0377-JBKKT,0
6814-ZPWFQ,0
8062-YBDOE,1
1347-KTTTA,0
3629-ZNKXA,0
2969-VAPYH,0
8232-CTLKO,0
6050-IJRHS,0
1024-GUALD,1
5296-BFCYD,0
8400-WZICQ,0
6295-OSINB,0
8226-BXGES,0
7721-JXEAW,1
7601-DHFWZ,0
7777-UNYHB,0
7293-LSCDV,0
8752-STIVR,1
4588-YBNIB,1
0307-BCOPK,0
9786-YWNHU,0
6072-NUQCB,0
7729-XBTWX,0
6789-HJBWG,0
6000-APYLU,1
4273-MBHYA,0
2533-TIBIX,0
9631-XEYKE,0
9739-JLPQJ,0
7409-JURKQ,0
6954-OOYZZ,0
1676-MQAOA,0
2530-FMFXO,0
2639-UGMAZ,0
7771-ZONAT,0
9959-WOFKT,0
6259-WJQLC,0
5093-FEGLU,0
8930-XOTDP,0
3279-DYZQM,0
1790-NESIO,0
9200-NLNPD,0
2969-WGHQO,0
7541-YLXCL,1
0128-MKWSG,0
6088-BXMRG,0
8316-BBQAY,0
4018-KJYUY,0
9851-KIELU,1
1427-VERSM,0
6773-LQTVT,0
9378-FXTIZ,1
2805-AUFQN,0
8345-MVDYC,0
3162-ZJZFU,0
0369-ZGOVK,0
1498-NHTLT,0
9921-EZKBY,0
9728-FTTVZ,1
1725-IQNIY,1
3649-JPUGY,0
5364-XYIRR,1
7923-IYJWY,0
3472-QPRCH,0
0932-YIXYU,0
5260-UMPWX,0
0229-LFJAF,0
8752-IMQOS,0
4188-FRABG,0
6086-ESGRL,1
5788-YPOEG,0
3621-CHYVB,0
5652-MSDEY,0
5032-MIYKT,0
8207-VVMYB,0
2040-XBAVJ,0
9469-WEJBT,0
6308-CQRBU,0
3565-UNOCC,1
7516-GMHUV,0
8562-GHPPI,0
6777-TGHTM,1
1045-LTCYT,0
2519-FAKOD,1
8108-UXRQN,0
3486-KHMLI,0
1303-SRDOK,0
8450-JOVAH,1
3916-NRPAP,0
4274-OWWYO,1
9069-LGEUL,0
9424-CMPOG,0
7401-JIXNM,0
2863-IMQDR,0
3481-JHUZH,0
4211-MMAZN,1
7203-OYKCT,0
2203-GHNWN,0
3143-JQEGI,1
4558-CGYCZ,0
3030-YDNRM,0
3398-ZOUAA,1
8336-TAVKX,0
9867-NNXLC,0
1573-LGXBA,0
6217-KDYWC,0
7460-ITWWP,0
3237-AJGEH,1
9565-FLVCG,0
1442-OKRJE,0
9039-ZVJDC,0
4154-AQUGT,1
5149-CUZUJ,0
4220-TINQT,0
6094-ZIVKX,0
4719-UMSIY,0
1004-NOZNR,0
4143-HHPMK,1
9979-RGMZT,0
4712-AUQZO,0
4670-TABXH,0
9173-IVZVP,0
1716-LSAMB,0
4183-WCSEP,1
1174-FGIFN,0
8550-XSXUQ,0
4683-WYDOU,0
6897-RWMUB,0
3154-CFSZG,0
5832-TRLPB,0
9374-YOLBJ,0
0953-LGOVU,0
5268-DSMNQ,0
7162-WPHPM,0
1612-EOHDH,1
7632-MNYOY,1
9560-BBZXK,0
0323-XWWTN,0
4626-OZDTJ,0
6728-CZFEI,0
9086-YJYXS,0
9867-XOBQA,0
0488-GSLFR,1
0674-EYYZV,0
1845-ZLLIG,0
9730-DRTMJ,0
5502-RLUYV,1
3689-MOZGR,0
2506-CLAKW,1
6680-WKXRZ,1
4518-FZBSX,0
8849-PRIQJ,0
2514-GINMM,1
1871-MOWRM,1
1379-FRVEB,0
6064-ZATLR,0
5196-WPYOW,0
0270-THENM,0
4501-UYKBC,0
2418-TPEUN,0
5924-IFQTT,0
7824-PANSQ,0
3473-XIIIT,1
3307-TLCUD,0
1735-XMJVH,0
4304-XUMGI,0
9052-VKDUW,0
9957-YODKZ,0
9084-OAYKL,0
7233-IOQNP,0
5346-BZCHP,0
3714-JTVOV,1
4947-DSMXK,0
9848-JQJTX,0
8344-WFMFH,0
5863-OOKCL,0
3612-YVGSJ,0
3889-VWBID,0
8970-ANWXO,0
6778-YSNIH,0
5027-XWQHA,1
0356-OBMAC,0
6204-IEUXJ,1
5996-DAOQL,0
0550-DCXLH,0
2845-KDHVX,0
0320-JDNQG,1
8681-ICONS,0
6296-DDOOR,0
7294-TMAOP,1
1839-UMACK,0
9878-TNQGW,1
8410-BGQXN,0
7205-BAIAD,0
4884-LEVMQ,0
2817-NTQDO,1
1187-WILMM,0
9986-BONCE,1
8777-PVYGU,0
8849-AYPTR,0
0491-KAPQG,0
8348-JLBUG,0
0266-GMEAO,0
9327-QSDED,0
6261-RCVNS,1
6215-NQCPY,0
5708-EVONK,1
8205-VSLRB,0
9178-JHUVJ,0
7504-UWHNB,0
7321-PKUYW,1
4570-QHXHL,0
4325-NFSKC,1
5451-YHYPW,0
1047-RNXZV,0
4973-RLZVI,0
6968-MHOMU,0
2832-SCUCO,0
4343-EJVQB,0
4667-OHGKG,1
6016-NXBNJ,0
2292-XQWSV,0
2675-DHUTR,0
0463-TXOAK,0
5549-ZGHFB,0
8380-PEFPE,1
0856-NAOES,0
2868-MZAGQ,1
7951-QKZPL,1
1194-HVAIF,0
3583-KRKMD,0
6728-VOIFY,0
2626-VEEWG,0
3451-VAWLI,0
0925-VYDLG,1
2834-JKOOW,0
9330-DHBFL,0
6297-NOOPG,0
6572-ADKRS,0
7157-SMCFK,0
5804-JMYIO,0
6567-HOOPW,1
7996-BPXHY,0
8096-LOIST,0
8260-NGFNY,1
9167-APMXZ,0
7249-WBIYX,1
8258-GSTJK,1
3995-WFCSM,0
3066-RRJIO,1
5934-RMPOV,0
2388-LAESQ,0
2931-VUVJN,0
6521-YYTYI,1
5789-LDFXO,0
2865-TCHJW,1
8593-WHYHV,1
2632-UCGVD,1
7054-ENNGU,0
9725-SCPZG,1
0580-PIQHM,0
3045-XETSH,1
7716-YTYHG,1
0480-KYJVA,0
6599-CEBNN,1
4138-NAXED,0
9507-EXLTT,1
4468-YDOVK,0
4445-ZJNMU,0
6075-SLNIL,0
8499-BRXTD,0
4634-JLRJT,0
0141-YEAYS,0
9170-GYZJC,1
2207-QPJED,0
4075-JFPGR,0
8917-FAEMR,0
3396-DKDEL,0
8467-WYNSR,0
7711-YIJWC,0
0440-MOGPM,0
1875-QIVME,1
6479-VDGRK,0
4566-QVRRW,1
0975-UYDTX,0
8146-QQKZH,0
7432-FFVAR,0
7677-SJJJK,0
8884-ADFVN,1
6330-JKLPC,1
3397-AVTKU,0
3814-MLAXC,1
5602-BVFMK,0
7120-RFMVS,1
0743-HRVFF,0
9548-ZMVTX,0
4732-RRJZC,0
9500-IWPXQ,0
8709-KRDVL,0
2868-SNELZ,1
1513-XNPPH,1
8544-JNBOX,0
0058-EVZWM,0
7548-SEPYI,1
0635-WKOLD,0
4194-FJARJ,0
7794-JASDG,0
7273-TEFQD,1
8060-HIWJJ,0
4291-HPAXL,0
8818-XYFCQ,1
8050-XGRVL,0
8124-NZVGJ,0
6692-YQHXC,0
7011-CVEUC,0
1929-ZCBHE,0
9530-EHPOH,1
8690-UPCZI,0
6147-CBCRA,0
1494-EJZDW,0
4355-CVPVS,0
2792-LSHWX,0
5312-TSZVC,0
0691-NIKRI,0
1568-BEKZM,0
8740-XLHDR,1
5651-CPDND,0
0835-JKADZ,0
6253-GNHWH,0
5321-NTRKC,0
6344-SFJVH,0
2589-AYCRP,0
3022-BEXHZ,0
9534-NSXEM,0
3587-PMCOY,0
9750-BOOHV,0
4565-EVZMJ,0
2520-SGTTA,0
1958-RNRKS,0
5044-XDPYX,0
5668-MEISB,0
3884-UEBXB,0
6377-WHAOX,0
6374-NTQLP,0
7077-XJMET,0
2908-ZTPNF,0
3701-SFMUH,0
9620-ENEJV,0
6598-RFFVI,1
4860-IJUDE,0
5261-QSHQM,1
2673-ZALNP,0
5923-GXUOC,1
4280-DLSHD,0
3733-UOCWF,0
4001-TSBTV,0
7296-PIXQY,0
8149-AIQCG,0
5529-GIBVH,0
2233-TXSIU,0
6184-DYUOB,0
8644-XYTSV,0
2977-CEBSX,0
7892-QVYKW,0
1042-HFUCW,0
7225-CBZPL,0
9229-RQABD,0
0397-ZXWQF,0
4979-HPRFL,0
7754-IXRMC,0
6710-HSJRD,0
1240-HCBOH,0
6319-IEJWJ,1
4130-MZLCC,0
9053-JZFKV,1
9305-CDSKC,1
4704-ERYFC,1
2482-CZGBB,1
4967-WPNCF,0
6691-CCIHA,0
8048-DSDFQ,0
8782-LKFPK,0
7808-DVWEP,0
3002-WQZWT,0
7601-WFVZV,0
0104-PPXDV,0
4690-PKDQG,0
0374-AACSZ,0
4139-DETXS,0
3812-LRZIR,0
3859-CVCET,1
1452-XRSJV,0
9031-ZVQPT,0
1855-CFULU,0
9026-RNUJS,1
6341-JVQGF,0
5688-KZTSN,1
6961-MJKBO,0
9101-BWFSS,1
0811-GSDTP,0
4393-OBCRR,0
6856-RAURS,0
5392-AKEMH,0
7269-JISCY,0
8441-SHIPE,0
0956-SYCWG,0
8731-WBBMB,0
0680-DFNNY,1
0959-WHOKV,0
4915-BFSXL,0
8859-AXJZP,0
7274-CGTOD,0
7055-HNEOJ,0
6608-QQLVK,1
5590-BYNII,1
4587-NUKOX,1
4132-KALRO,0
0468-YRPXN,0
3580-GICBM,0
9778-OGKQZ,0
1548-ARAGG,0
0761-AETCS,1
1809-DMJHQ,1
7103-ZGVNT,0
4425-OWHWB,0
6749-UTDVX,0
7244-QWYHG,0
0345-HKJVM,1
9356-AXGMP,0
3841-CONLJ,0
1891-UAWWU,1
4544-RXFMG,0
3422-LYEPQ,1
3703-KBKZP,0
7508-SMHXL,0
9530-GRMJG,0
0263-FJTQO,0
6859-QNXIQ,0
9411-TPQQV,0
2990-IAJSV,0
0322-CHQRU,1
8908-SLFCJ,0
7389-KBFIT,0
0096-BXERS,0
3474-BAFSJ,0
2928-HLDBA,0
2469-DTSGX,0
1763-WQFUK,0
9714-EDSUC,0
3373-YZZYM,0
3349-ANQNH,0
8035-PWSEV,0
8738-JOKAR,0
6854-EXGSF,0
5564-NEMQO,1
9618-LFJRU,0
6543-XRMYR,1
9209-NWPGU,0
6100-QQHEB,1
3679-XASPY,0
3090-QFUVD,0
4111-BNXIF,0
5701-GUXDC,0
6646-QVXLR,1
8224-KDLKN,0
9575-IWCAZ,0
3363-EWLGO,0
3764-MNMOI,0
5066-GFJMM,0
9465-RWMXL,1
2446-BEGGB,1
0436-TWFFZ,0
8782-NUUOL,0
4806-KEXQR,1
0813-TAXXS,0
2000-MPKCA,0
4317-VTEOA,1
1843-TLSGD,0
3146-MSEGF,0
5480-XTFFL,0
5406-KGRMX,0
7114-AEOZE,0
3930-ZGWVE,0
2211-RMNHO,0
7706-YLMQA,0
0265-PSUAE,0
2402-TAIRZ,0
7789-HKSBS,0
1779-PWPMG,0
0924-BJCRC,0
9560-ARGQJ,1
2804-ETQDK,0
9350-ZXYJC,0
9067-SQTNS,0
6563-VRERX,0
3642-BYHDO,0
1472-TNCWL,0
0114-RSRRW,0
7168-HDQHG,0
3873-WOSBC,0
1306-RPWXZ,0
1580-BMCMR,0
3023-GFLBR,1
8178-EYZUO,1
9912-GVSEQ,1
2911-UREFD,1
5006-MXVRN,0
4423-YLHDV,1
9373-WSLOY,0
8630-FJLIB,0
4950-HKQTE,0
1816-FLZDK,0
2027-FECZV,1
9625-QSTYE,1
8821-XNHVZ,1
8020-BWHYL,1
7145-FEJWU,0
4554-YGZIH,1
1110-KYLGQ,0
4958-GZWIY,1
4615-PIVVU,0
0665-XHDJU,0
5375-XLDOF,0
5155-AZQPB,0
3653-NCRDJ,0
4946-EDSEW,1
6481-LXPWL,0
1555-DJEQW,1
7873-CVMAW,0
8111-RKSPX,1
7905-NJMXS,0
1955-IBMMB,0
1769-GRUIK,0
1095-JUDTC,1
5285-MVEHD,0
0023-XUOPT,1
4652-NNHNY,1
4718-DHSMV,0
3902-MIVLE,0
6585-WCEWR,0
9274-UARKJ,0
6432-TWQLB,1
0394-YONDK,0
6032-KRXXO,1
9114-AAFQH,0
9095-HFAFX,1
3961-SXAXY,0
1552-AAGRX,0
7695-PKLCZ,0
9842-EFSYY,0
5995-LFTLE,0
3038-PQIUY,0
0988-JRWWP,0
4550-VBOFE,1
3315-TOTBP,1
7010-ZMVBF,0
1293-HHSHJ,0
0870-VEMYL,1
4484-CGXFK,1
8969-PRHFK,0
1335-NTIUC,0
6680-NENYN,1
7242-EDTYC,0
1867-BDVFH,1
1625-JAIIY,1
2324-AALNO,0
9592-ERDKV,0
5996-EBTKM,0
3724-UCSHY,0
7826-VVKWT,0
8337-MSSXB,1
1794-SWWKL,0
3751-KTZEL,1
1353-LJWEM,0
0927-LCSMG,1
1403-GYAFU,0
9593-CVZKR,0
7649-PHJVR,0
0219-YTZUE,1
7493-TPUWZ,1
9444-JTXHZ,1
8582-KRHPJ,0
6145-NNPNO,0
4906-ZHGPK,0
6728-DKUCO,0
5593-SUAOO,0
9053-EJUNL,0
0519-DRGTI,0
8058-JMEQO,1
3374-PZLXD,0
0366-NQSHS,0
2256-YLYLP,0
3796-ENZGF,0
9388-ZEYVT,0
0756-MPZRL,0
7041-TXQJH,0
2921-XWDJH,0
0440-EKDCF,0
0516-OOHAR,0
0836-SEYLU,1
3132-TVFDZ,1
6345-HOVES,0
5642-MHDQT,0
1352-VHKAJ,0
9233-PSYHO,0
4817-QRJSX,1
5566-SOEZD,0
5207-PLSTK,0
2545-EBUPK,0
6161-UUUTA,1
8039-ACLPL,0
8920-NAVAY,0
7409-KIUTL,1
1986-PHGZF,0
6394-MFYNG,1
8215-NGSPE,0
1038-ZAGBI,1
7527-QNRUS,0
5840-NVDCG,0
4194-WHFCB,0
4422-QVIJA,0
6360-SVNWV,0
6124-ACRHJ,0
7938-OUHIO,1
8910-ICHIU,0
8058-DMYRU,0
7998-ZLXWN,0
3669-WHAFY,0
8285-ABVLB,0
9695-IDRZR,0
0930-EHUZA,0
4396-KLSEH,0
8679-JOEVF,1
0402-CQAJN,1
5204-QZXPU,1
4919-MOAVT,1
1196-AMORA,1
1530-ZTDOZ,0
0376-YMCJC,1
8224-DWCKX,0
8735-IJJEG,0
1062-LHZOD,1
9365-CSLBQ,0
1074-WVEVG,0
5320-BRKGK,0
2333-KWEWW,0
5748-RNCJT,1
8695-WDYEA,0
9761-XUJWD,0
5986-WWXDV,0
4530-NDRKU,0
9927-DSWDF,0
8680-CGLTP,0
6784-XYJAE,0
3208-YPIOE,1
6849-WLEYG,1
4010-YLMVT,0
6993-OHLXR,1
2545-LXYVJ,0
8631-NBHFZ,1
7603-USHJS,1
9529-OFXHY,0
5504-WSIUR,0
0529-ONKER,1
8263-JQAIK,1
0804-YGEQV,0
2070-FNEXE,1
8634-MPHTR,1
7657-DYEPJ,1
0742-MOABM,1
9129-UXERG,0
5442-BHQNG,0
2569-WGERO,0
5702-KVQRD,0
6648-INWPS,0
2055-PDADH,1
0637-UBJRP,1
6169-PGNCD,0
0384-RVBPI,0
2378-YIZKA,0
9170-ARBTB,0
4452-QIIEB,0
7909-FIOIY,0
0947-MUGVO,1
3429-IFLEM,0
0030-FNXPP,0
5515-AKOAJ,1
3981-QSVQI,0
5148-ORICT,0
5482-PLVPE,1
6366-ZGQGL,1
4201-JMNGR,1
7602-MVRMB,0
6413-XKKPU,1
0461-CVKMU,1
7228-OMTPN,1
0868-VJRDR,0
6546-OPBBH,0
2672-TGEFF,0
8111-SLLHI,1
0617-AQNWT,1
7315-WYOAW,0
0617-FHSGK,1
0373-AIVNJ,0
6647-ZEDXT,0
7977-HXJKU,0
6050-FFXES,0
1552-TKMXS,0
5236-XMZJY,0
9443-JUBUO,0
7901-IIDQV,0
5404-GGUKR,0
1602-IJQQE,1
6278-FEPBZ,0
6598-KELSS,0
7112-OPOTK,1
7802-EFKNY,1
4976-LNFVV,0
6077-BDPXA,0
0887-WBJVH,0
8779-QRDMV,1
6635-CPNUN,0
0661-WCQNQ,0
1459-QNFQT,0
2474-LCNUE,0
5014-GSOUQ,0
8722-PRFDV,0
5899-OUVKV,0
1257-SXUXQ,0
8085-MSNLK,0
3049-SOLAY,1
3996-ZNWYK,0
3778-FOAQW,0
8644-XLFBW,1
8780-YRMTT,0
3446-QDSZF,0
8496-DMZUK,0
0799-DDIHE,0
9039-RBEEE,1
8646-JCOMS,0
1821-BUCWY,0
6618-RYATB,1
5150-ITWWB,0
7924-GJZFI,0
6542-LWGXJ,0
1635-NZATJ,0
5777-ZPQNC,0
4735-ASGMA,1
6210-KBBPI,1
4774-HHGGS,0
2856-HYAPG,1
3911-RSNHI,0
1951-IEYXM,0
5204-HMGYF,0
3737-XBQDD,0
0902-RFHOF,0
3669-OYSJI,1
1989-PRJHP,1
4415-WNGVR,0
7956-XQWGU,0
5334-AFQJB,0
9518-XXBXE,0
0330-IVZHA,1
4853-OITSN,0
9227-YBAXE,0
9710-NJERN,0
1029-QFBEN,1
2990-OGYTD,0
9492-TOKRI,1
1088-AUUZZ,0
7570-WELNY,0
7517-SAWMO,1
1041-RXHRA,1
2187-PKZAY,0
2858-MOFSQ,1
5229-PRWKT,1
3258-SYSWS,0
5651-CRHKQ,0
9734-UYXQI,1
4567-AKPIA,0
9058-MJLZC,0
6032-IGALN,1
5175-AOBHI,1
3319-DWOEP,1
7079-QRCBC,1
0415-MOSGF,1
3904-UKFRE,0
6993-YCOBK,0
7005-CCBKV,1
1685-VAYJF,0
8144-DGHXP,0
9644-KVCNC,0
9742-XOKTS,0
1545-JFUML,0
1941-HOSAM,0
6211-WHMYA,0
0843-WTBXE,1
7976-CICYS,0
8645-KOMJQ,0
5206-HPJKM,0
7694-VLBWQ,1
6169-PPETC,0
5249-QYHEX,0
3144-AUDBS,1
5481-NTDOH,0
9359-JANWS,0
9940-RHLFB,1
3419-SNJJD,1
1265-ZFOSD,0
8265-HKSOW,0
8705-WZCYL,0
0523-VNGTF,0
7248-VZQLC,1
5025-GOOKI,0
7710-JSYOA,0
6834-NXDCA,1
6923-AQONU,0
7776-QGYJC,0
4664-NJCMS,0
3258-SANFR,0
7382-DFJTU,0
3799-ISUZQ,1
9668-PUGNU,0
9300-RENDD,1
2933-XEUJM,0
2987-BJXIK,0
4302-ZYFEL,0
4558-FANTW,1
4003-FUSHP,0
3511-APPBJ,0
1113-IUJYX,1
6693-DJWTY,0
8908-NMQTX,0
9753-OYLBX,0
4391-LNRXK,0
3948-FVVRP,0
5577-OTWWW,1
1834-WULEG,0
5968-HYJRZ,0
7750-EYXWZ,0
0137-OCGAB,1
7610-TVOPG,0
4632-PAOYU,0
7858-GTZSP,0
2946-KIQSP,0
6891-JPYFF,0
7061-OVMIM,0
8601-QACRS,1
8245-UMPYT,1
4256-ZWTZI,0
8885-QSQBX,0
6674-KVJHG,0
0654-PQKDW,0
6175-IRFIT,0
5380-WJKOV,1
7399-QHBJS,0
7459-RRWQZ,1
7164-BPTUT,0
5520-FVEWJ,1
1217-VASWC,0
5419-CONWX,1
5453-AXEPF,0
5827-MWCZK,0
2243-FNMMI,0
8985-OOPOS,0
4006-HKYHO,0
9477-LGWQI,0
9692-TUSXH,1
2037-SGXHH,1
8033-VCZGH,0
2019-HDCZY,0
8868-WOZGU,1
9812-GHVRI,0
3893-JRNFS,0
8217-QYOHV,0
1678-FYZOW,1
1131-ALZWV,0
8468-FZTOE,0
0730-KOAVE,0
9375-MHRRS,0
1980-KXVPM,1
9112-WSNPU,0
2739-CACDQ,0
7665-TOALD,1
0032-PGELS,1
4854-CIDCF,0
4816-JBHOV,1
9770-LXDBK,0
0020-JDNXP,0
5233-GEEAX,1
7450-NWRTR,1
9227-LUNBG,1
8417-GSODA,0
0236-HFWSV,1
1090-PYKCI,0
1027-LKKQQ,0
8404-FYDIB,0
1264-FUHCX,0
8189-XRIKE,0
6980-CDGFC,0
3097-NQYSN,1
2144-BFDSO,0
0135-NMXAP,1
4177-JPDFU,0
6229-UOLQL,0
0582-AVCLN,0
0106-UGRDO,0
9985-MWVIX,1
9174-FKWZE,1
0611-DFXKO,1
3275-RHRNE,0
8996-ZROXE,0
3696-DFHHB,0
1784-EZDKJ,0
7634-HLQJR,0
9300-AGZNL,1
1833-VGRUM,1
4692-NNQRU,0
0581-MDMPW,0
1624-NALOJ,1
2604-IJPDU,0
6723-CEGQI,0
6317-YPKDH,1
8350-NYMVI,0
2038-OEQZH,0
2070-XYMFH,0
0970-ETWGE,1
9558-IHEZX,0
9134-CEQMF,1
3957-HHLMR,0
5791-KAJFD,0
1981-INRFU,1
2984-TBYKU,0
7969-FFOWG,0
8614-VGMMV,1
0682-USIXD,0
6326-MTTXK,1
1679-JRFBR,0
4911-BANWH,1
2586-CWXVV,0
2606-RMDHZ,1
7594-LZNWR,0
8619-IJNDK,0
3727-OVPRY,0
4896-CPRPF,0
9432-VOFYX,0
7908-QCBCA,1
9391-EOYLI,1
4770-QAZXN,0
7538-GWHML,1
3537-HPKQT,0
5980-NOPLP,1
5960-MVTUK,0
8808-ELEHO,1
1409-PHXTF,0
5118-MUEYH,0
9921-QFQUL,0
5448-VWNAM,0
0094-OIFMO,1
9651-GTSAQ,1
8755-OGKNA,0
9974-JFBHQ,0
5561-NWEVX,1
2452-SNHFZ,0
2495-TTHBQ,0
9279-CJEOJ,0
0946-CLJTI,1
3807-XHCJH,0
0455-XFASS,0
1682-VCOIO,0
7473-ZBDSN,0
9094-AZPHK,0
6188-UXBBR,0
0495-ZBNGW,1
2732-ISEZX,0
7351-KYHQH,0
3677-IYRBF,1
2967-MXRAV,0
0121-SNYRK,0
5697-GOMBF,0
8992-CEUEN,0
4676-WLUHT,0
8480-PPONV,0
6400-BWQKW,1
2862-JVEOY,0
7340-KEFQE,0
6712-OAWRH,1
4998-IKFSE,0
7351-MHQVU,0
4918-QLLIW,1
0931-MHTEM,0
2146-EGVDT,0
8213-TAZPM,0
1629-DQQVB,0
5887-IKKYO,0
2845-HSJCY,1
9844-FELAJ,0
9912-OMZDS,0
4939-KYYPY,0
8818-DOPVL,0
2808-CHTDM,0
1169-WCVAK,0
9764-REAFF,0
3801-HMYNL,1
2266-FUBDZ,0
4778-IZARL,0
6968-URWQU,0
3771-PZOBW,0
3724-BSCVH,0
2189-WWOEW,1
6928-ONTRW,0
9853-JFZDU,0
1928-BXYIV,0
7997-EASSD,0
5345-BMKWB,0
8931-GJJIQ,1
9134-WYRVP,0
4193-ORFCL,1
3115-JPJDD,0
5934-TSSAU,0
2260-USTRB,1
6778-EICRF,0
9475-NNDGC,0
3472-OAOOR,0
1074-AMIOH,0
7446-YPODE,0
9308-ANMVE,0
1623-NLDOT,1
2568-OIADY,1
7783-YKGDV,1
2737-WFVYW,1
1183-CANVH,0
8063-GBATB,1
3621-CEOVK,1
4390-KYULV,1
2709-UQGNP,0
0634-SZPQA,1
0487-VVUVK,0
8111-BKVDS,0
9965-YOKZB,1
3658-KIBGF,1
5624-RYAMH,0
3858-VOBET,1
8433-WXGNA,1
3644-QXEHN,0
5803-NQJZO,0
6630-UJZMY,0
0902-XKXPN,0
3714-NTNFO,0
1732-FEKLD,0
8563-OYMQY,0
6641-XRPSU,1
4159-NAAIX,0
7554-NEWDD,0
9705-ZJBCG,0
5937-EORGB,0
2468-SJFLM,0
1666-JXLKU,0
7979-CORPM,1
7503-EPSZW,0
2030-BTZRO,0
4695-WJZUE,1
8945-MUQUF,1
7244-KXYZN,0
7354-OIJLX,0
6729-FZWSY,0
2400-XIWIO,0
0708-LGSMF,0
4495-LHSSK,0
5322-ZSMZY,0
2446-PLQVO,1
8631-WUXGY,0
7595-EHCDL,0
5351-QESIO,0
4816-LXZYW,1
9800-ONTFE,0
6772-WFQRD,0
9191-MYQKX,1
4598-ZADCK,0
1965-DDBWU,1
2530-ENDWQ,1
0967-BMLBD,0
0877-SDMBN,1
1971-DTCZB,0
5188-HGMLP,0
8873-GLDMH,0
8268-YDIXR,0
2632-IVXVF,0
4735-BJKOU,0
1200-TUZHR,0
5389-FFVKB,1
6023-YEBUP,1
1934-MKPXS,0
2091-RFFBA,1
9637-CDTKZ,0
8232-UTFOZ,0
3057-VJJQE,0
9802-CAQUT,0
4818-QIUFN,1
3646-ITDGM,0
5228-EXCET,1
3865-ZYKAD,0
3372-CDXFJ,0
2722-VOJQL,1
1353-GHZOS,0
1307-TVUFB,0
3154-HMWUU,0
0013-SMEOE,0
3787-TRIAL,0
6776-TLWOI,1
5759-RCVCB,1
3161-ONRWK,0
7133-VBDCG,1
9152-AMKAK,0
6128-DAFVY,0
7560-QRBXH,0
7854-EKTJL,1
7251-XFOIL,0
1614-JBEBI,0
9294-TDIPC,0
5233-AOZUF,0
1153-GNOLC,0
7623-HKYRK,0
0689-NKYLF,1
9470-XCCEM,0
5382-TEMLV,0
5440-FLBQG,1
4797-AXPXK,1
1656-DRSMG,0
7560-QJAVJ,0
5982-PSMKW,0
2905-KFQUV,0
0420-HLGXF,0
9150-HEPMB,0
3239-TPHPZ,0
7401-RUBNK,0
2636-OHFMN,1
9782-LGXMC,0
2718-GAXQD,1
7384-GHBPI,1
6762-NSODU,0
5130-IEKQT,1
0260-ZDLGK,1
8696-JKZNU,1
4929-XIHVW,0
1304-BCCFO,0
2642-DTVCO,1
4950-BDEUX,0
5067-XJQFU,0
6616-AALSR,0
2550-QHZGP,0
5214-NLTIT,0
6543-JXSOO,0
4471-KXAUH,1
3648-GZPHF,0
9779-DPNEJ,0
1228-FZFRV,1
5146-CBVOE,0
5353-WILCI,0
0363-QJVFX,1
2672-DZUOY,1
8317-BVKSO,0
5961-VUSRV,0
6876-ADESB,1
0142-GVYSN,0
3985-HOYPM,0
3736-BLEPA,0
9199-PWQVC,0
8118-TJAFG,0
4195-NZGTA,0
6339-RZCBJ,0
0537-QYZZN,0
2169-RRLFW,0
0674-DGMAQ,0
9278-VZKCD,0
2592-YKDIF,0
1328-EUZHC,0
7975-JMZNT,0
4879-GZLFH,0
2722-JMONI,1
8701-DGLVH,0
7407-SUJIZ,0
8845-LWKGE,0
3855-ONCAR,0
9063-ZGTUY,1
2904-GGUAZ,0
2812-SFXMJ,0
2108-GLPQB,0
2372-HWUHI,1
0298-XACET,0
3398-FSHON,1
5337-IIWKZ,0
4750-UKWJK,0
9163-GHAYE,0
7285-KLOTR,0
9470-RTWDV,0
6942-LBFDP,0
0807-ZABDG,1
2400-FEQME,0
9412-GHEEC,1
9577-WJVCQ,0
8706-HRADD,0
6848-YLDFR,0
9025-ZRPVR,1
1206-EHBDD,0
0221-NAUXK,0
9705-IOVQQ,0
3462-BJQQA,0
6729-GDNGC,0
1455-HFBXA,0
4504-YOULA,0
9351-HXDMR,0
7486-KSRVI,1
8642-GVWRF,1
2434-EEVDB,0
6603-YRDCJ,0
1453-RZFON,0
6199-IPCAO,0
3604-WLABM,0
0929-PECLO,0
1501-SGHBW,1
9442-JTWDL,0
2876-VBBBL,1
5183-KLYEM,0
1927-QEWMY,0
1101-SSWAG,0
6689-TCZHQ,1
7115-IRDHS,0
6683-VLCTZ,1
5092-STPKP,0
8219-VYBVI,0
2308-STERM,0
6286-ZHAOK,0
6906-ANDWJ,1
8543-MSDMF,0
6075-QMNRR,0
9681-OXGVC,1
4186-ZBUEW,0
0115-TFERT,1
2758-RNWXS,0
2522-WLNSF,0
7410-OIEDU,0
1172-VIYBP,0
6865-JZNKO,0
1231-YNDEK,0
8329-IBCTI,1
9499-XPZXM,0
0013-EXCHZ,1
4815-YOSUK,0
2982-VPSGI,1
1722-LDZJS,0
7854-EDSSA,1
6048-UWKAL,0
1135-HIORI,0
3158-MOERK,1
4290-BSXUX,1
4538-WNTMJ,0
8819-ZBYNA,0
0774-IFUVM,0
4806-DXQCE,0
0541-FITGH,0
5896-NPFWW,1
3143-ILDAL,1
7088-FBAWU,0
2800-VEQXM,0
0310-MVLET,1
2284-VFLKH,0
0733-VUNUW,1
3070-DVEYC,1
8319-QBEHW,0
0687-ZVTHB,1
9508-ILZDG,0
5519-YLDGW,1
1383-EZRWL,1
2419-FSORS,0
3118-UHVVQ,0
6304-IJFSQ,1
9710-ZUSHQ,1
1098-TDVUQ,0
4098-NAUKP,0
5002-GCQFH,0
6686-YPGHK,1
4094-NSEDU,1
9026-LHEVG,0
4710-NKCAW,0
9330-VOFSZ,0
5816-JMLGY,0
2782-JEEBU,0
8097-VBQTZ,0
5536-SLHPM,1
3976-NLDEZ,0
3496-LFSZU,0
1728-BQDMA,0
1830-IPXVJ,0
3457-PQBYH,0
0434-CSFON,0
8069-YQQAJ,0
7426-RHZGU,0
1240-KNSEZ,1
8469-SNFFH,0
9227-UAQFT,0
0224-HJAPT,1
4433-JCGCG,1
7025-IWFHT,0
7208-PSIHR,0
7020-OZKXZ,0
1599-MMYRQ,0
2903-YYTBW,0
4660-IRIBM,0
5524-KHNJP,0
5600-PDUJF,0
6402-ZFPPI,1
2961-VNFKL,0
2929-ERCFZ,1
6927-WTFIV,1
8387-UGUSU,0
2740-JFBOK,0
3717-LNXKW,0
6402-SSEJG,0
7277-OZCGZ,0
2587-YNLES,0
9814-AOUDH,0
5339-PXDVH,0
4484-GLZOU,1
0274-JKUJR,0
7379-FNIUJ,0
8992-OBVDG,0
7142-HVGBG,1
8174-TBVCF,0
7841-TZDMQ,1
3082-VQXNH,0
2521-NPUZR,0
7740-KKCXF,0
2026-TGDHM,1
2478-EEWWM,0
6857-TKDJV,0
0604-THJFP,0
1684-FLBGS,0
0875-CABNR,1
4195-PNGZS,0
7321-VGNKU,0
7852-LECYP,0
6786-OBWQR,0
6994-ORCWG,0
6394-HHHZM,0
2581-VKIRT,0
6719-OXYBR,0
8008-HAWED,1
2824-DXNKN,0
5909-ECHUI,1
7310-EGVHZ,0
9313-QOLTZ,0
4628-WQCQQ,1
8204-TIFGJ,0
9490-DFPMD,1
8450-LUGUK,0
3144-KMTWZ,0
3323-CPBWR,0
4957-TREIR,0
4208-UFFGW,1
8242-SOQUO,0
2077-MPJQO,0
6682-QJDGB,1
7519-JTWQH,0
1017-FBQMM,0
1032-MAELW,0
9462-MJUAW,1
3274-NSDWE,0
5222-IMUKT,0
7627-JKIAZ,1
1221-GHZEP,0
2190-PHBHR,0
8473-VUVJN,1
6376-GAHQE,1
7912-SYRQT,1
0268-QKIWO,1
2346-CZYIL,0
8695-ARGXZ,0
8816-VXNZD,1
5271-YNWVR,1
3831-YCPUO,0
3173-WSSUE,0
9821-POOTN,1
4647-XXZAM,0
9114-VEPUF,0
5811-IWXYM,0
8628-MFKAX,0
1456-TWCGB,0
2573-GYRUU,0
5174-RNGBH,1
7096-UCLNH,0
7017-VFULY,0
0133-BMFZO,1
6214-EDAKZ,1
8707-RMEZH,0
3085-QUOZK,1
2348-KCJLT,0
0067-DKWBL,1
7760-OYPDY,1
7552-KEYGT,0
8519-IMDHU,1
3823-KYNQY,0
4522-XRWWI,0
0577-WHMEV,0
4482-EWFMI,0
7951-VRDVK,0
7629-WFGLW,0
8854-CCVSQ,1
3345-PBBFH,0
4074-SJFFA,1
8580-QVLOC,1
4918-FYJNT,0
7511-YMXVQ,1
0750-EBAIU,0
1265-BCFEO,0
7206-PQBBZ,0
8229-TNIQA,1
6770-UAYGJ,0
4549-ZDQYY,0
0021-IKXGC,0
9818-XQCUV,0
2186-QZEYA,0
6345-FZOQH,0
5135-RDDQL,0
3753-TSEMP,1
0365-BZUWY,0
5074-FBGHB,0
2346-DJQTB,0
9513-DXHDA,0
1568-LJSZU,0
6258-NGCNG,0
6519-CFDBX,0
7495-OOKFY,1
2798-NYLMZ,0
0057-QBUQH,0
9061-TIHDA,1
3627-FHKBK,1
4897-QSUYC,1
3982-JGSFD,0
7463-IFMQU,0
4893-GYUJU,0
9659-QEQSY,0
4018-PPNDW,0
9835-ZIITK,1
5331-RGMTT,0
8591-TKMZH,0
6656-GULJQ,0
0616-ATFGB,1
2821-WARNZ,0
7128-GGCNO,0
2107-FBPTK,0
9603-OAIHC,0
7825-ECJRF,1
5091-HFAZW,0
9107-UKCKY,0
2599-CIPQE,0
9140-CZQZZ,0
7537-RBWEA,0
2277-VWCNI,0
4578-PHJYZ,0
8676-TRMJS,1
3301-VKTGC,0
7839-NUIAA,0
9397-TZSHA,0
9114-DPSIA,0
2276-YDAVZ,1
1391-UBDAR,0
1452-UZOSF,0
1455-UGQVH,1
5619-PTMIK,0
7876-DNYAP,0
9629-NHXFW,0
3727-RJMEO,1
4291-TPNFG,0
7018-FPXHH,0
1013-QCWAM,0
2809-ZMYOQ,0
6457-GIRWB,1
2087-QAREY,0
6578-KRMAW,0
0897-FEGMU,1
4654-DLAMQ,0
5186-SAMNZ,1
0318-QUUOB,1
2475-MROZF,0
8357-EQXFO,1
5828-DWPIL,0
3898-BSJYF,0
7330-WZLNC,1
2458-EOMRE,0
4238-JSSWH,0
2207-OBZNX,1
6288-LBEAR,0
9281-OFDMF,0
4829-ZLJTK,0
3766-EJLFL,0
8785-EPNCG,1
2984-MIIZL,1
4176-FXYBO,0
2874-YXVVA,0
5795-BKOYE,0
1193-RTSLK,1
5293-WXJAK,1
8311-UEUAB,0
1767-CJKBA,0
9738-QLWTP,0
3351-NGXYI,0
1478-VPOAD,0
3392-EHMNK,0
9501-UKKNL,0
1266-NZYUI,0
6818-DJXAA,0
3733-LSYCE,0
8218-FFJDS,0
8822-KNBHV,0
2005-DWQZJ,0
1852-XEMDW,0
5859-HZYLF,0
3235-ETOOB,1
9619-GSATL,0
2604-XVDAM,0
4146-SVFUD,0
2983-ZANRP,1
2379-ENZGV,1
0822-GAVAP,1
7921-LMDFQ,0
5062-CJJKH,0
1465-VINDH,1
3758-CKOQL,0
9866-OCCKE,0
3428-MMGUB,0
6907-FLBER,0
7529-ZDFXI,0
8082-GHXOP,0
4990-ALDGW,0
2223-KAGMX,1
2382-BCKQJ,1
5993-BQHEA,0
4592-IWTJI,1
7586-ZATGZ,0
8999-EXMNO,0
0439-IFYUN,0
6946-LMSQS,1
2794-XIMMO,1
0308-GIQJT,0
5338-YHWYT,0
1470-PSXNM,0
4749-VFKVB,1
0793-TWELN,0
3557-HTYWR,0
4826-DXMUP,0
7239-HZZCX,1
3096-WPXBT,0
1215-VFYVK,0
3318-OSATS,1
6823-SIDFQ,0
3094-JOJAI,0
5951-AOFIH,0
2842-JTCCU,1
5696-EXCYS,0
7469-LKBCI,0
2978-XXSOG,0
4847-QNOKA,1
8945-GRKHX,1
4445-KWOKW,0
1475-VWVDO,0
5356-KZCKT,0
3589-PPVKW,0
0325-XBFAC,1
9825-YCXWZ,0
8152-UOBNY,0
3255-GRXMG,0
3746-EUBYR,1
6910-HADCM,1
6502-HCJTI,1
4160-AMJTL,1
3006-XIMLN,1
4993-JCRGJ,0
5546-BYZSM,0
7971-HLVXI,0
9441-QHEVC,0
8883-ANODQ,0
2472-OVKUP,1
8734-FNWVH,0
4102-HLENU,0
7636-OWBPG,0
2799-TSLAG,0
7614-QVWQL,1
7633-MVPUY,0
9823-EALYC,0
8807-OPMBM,0
9185-TQCVP,1
2585-KTFRE,0
4568-TTZRT,0
2931-XIQBR,0
4277-UDIEF,0
1761-AEZZR,1
1589-AGTLK,1
5173-ZXXXL,0
3915-ODIYG,0
7596-LDUXP,0
1536-YHDOE,0
1622-HSHSF,0
1215-FIGMP,0
8668-KNZTI,0
7508-DQAKK,0
7762-URZQH,1
1541-ETJZO,1
5522-NYKPB,0
7816-VGHTO,0
5917-RYRMG,0
5753-QQWPW,0
6467-CHFZW,1
9073-ZZIAY,0
2178-PMGCJ,0
7774-OJSXI,1
2830-LEWOA,0
4806-HIPDW,1
1834-ABKHQ,0
9975-SKRNR,0
3808-HFKDE,0
6410-LEFEN,1
9693-XMUOB,0
0909-SDHNU,0
9081-WWXKP,0
1561-BWHIN,0
8263-QMNTJ,0
7801-KICAO,0
5371-VYLSX,0
6828-HMKWP,0
0862-PRCBS,0
3058-HJCUY,1
7124-UGSUR,1
5948-UJZLF,0
1697-BCSHV,0
9364-YKUVW,0
8739-XNIKG,0
4381-MHQDC,0
9670-BPNXF,0
0277-BKSQP,0
1866-RZZQS,1
9139-TWBAS,0
9136-ALYBR,1
4393-GEADV,0
5299-RULOA,1
5453-YBTWV,0
7613-LLQFO,1
2533-QVMSK,1
1767-TGTKO,0
9297-EONCV,0
1450-GALXR,1
6419-ZTTLE,0
7163-OCEQI,0
5649-VUKMC,1
0872-JCPIB,0
1455-ESIQH,1
0895-LMRSF,0
8318-LCNBW,0
3096-IZETN,1
5144-TVGLP,0
4237-CLSMM,0
4016-BJKTZ,0
4851-BQDNX,0
2654-VBVPB,0
4359-INNWN,0
4257-GAESD,0
4510-PYUSH,1
7427-AUFPY,0
4432-ADRLB,1
5774-QPLTF,0
8065-YKXKD,1
4807-IZYOZ,0
6286-SUUWT,0
0130-SXOUN,0
7471-MQPOS,0
1597-FZREH,1
6429-SHBCB,0
3551-GAEGL,0
9121-PHQSR,0
9489-DEDVP,0
8749-CLJXC,0
2436-QBZFP,0
5214-CHIWJ,0
2719-BDAQO,1
9917-KWRBE,0
5373-SFODM,1
5686-CMAWK,0
3200-MNQTF,0
3186-BAXNB,1
2717-HVIZY,0
7674-YTAFD,0
1208-NBVFH,0
8199-ZLLSA,1
8309-IEYJD,0
2930-UOTMB,1
9541-PWTWO,0
9313-CDOGY,0
7250-EQKIY,1
1163-ONYEY,0
9804-ICWBG,1
2656-TABEH,1
1608-GMEWB,0
4712-UYOOI,0
1644-IRKSF,1
6599-SFQVE,0
3594-UVONA,1
3594-IVHJZ,0
0396-HUJBP,0
1728-CXQBE,0
1813-JLKWR,0
2612-PHGOX,0
9945-PSVIP,0
2359-KLTEK,0
1371-DWPAZ,0
2171-UDMFD,0
2697-NQBPF,0
5012-YSPJJ,0
7207-RMRDB,1
3011-WQKSZ,0
6559-PDZLR,0
7945-HLKEA,0
2424-WVHPL,0
0207-MDKNV,1
7562-GSUHK,1
4822-LPTYJ,0
1506-YJTYT,0
3146-JTQHR,0
2133-TSRRM,0
1768-HNVGJ,0
4013-TLDHQ,1
4553-DVPZG,0
5956-YHHRX,0
3705-RHRFR,0
4210-QFJMF,1
1841-YSJGV,0
5301-GAUUY,1
3164-YAXFY,0
3195-TQDZX,0
2667-WYLWJ,1
6475-VHUIZ,0
6963-EZQEE,0
0357-NVCRI,0
8627-EHGIP,1
7083-MIOPC,0
2672-HUYVI,1
5895-QSXOD,0
1850-AKQEP,0
2576-HXMPA,0
6384-VMJHP,0
5740-YHGTW,0
8990-ZXLSU,0
0082-LDZUE,0
6242-MBHPK,0
8966-SNIZF,0
1910-FMXJM,0
6518-PPLMZ,0
9367-TCUYN,0
4367-NUYAO,0
5343-SGUBI,0
6199-IWKGC,0
6260-ONULR,0
5240-IJOQT,1
0480-BIXDE,0
6103-QCKFX,0
1764-VUUMT,0
3221-CJMSG,0
8823-RLPWL,0
6371-NZYEG,0
7789-CRUVC,0
8547-NSBBO,0
1139-WUOAH,0
5797-APWZC,1
7815-PDTHL,0
5707-ZMDJP,0
3675-YDUPJ,0
5510-BOIUJ,1
1792-UXAFY,1
0114-IGABW,0
3007-FDPEA,0
3034-ZBEQN,1
7820-ZYGNY,0
9385-NXKDA,0
1474-JUWSM,0
2680-XKKNJ,0
3021-VLNRJ,0
0206-OYVOC,0
2890-WFBHU,0
5947-SGKCL,0
1663-MHLHE,0
4526-ZJJTM,0
8450-UYIBU,0
6484-LATFU,0
5447-VYTKW,0
6181-AXXYF,0
1987-AUELQ,0
2302-ANTDP,1
5061-PBXFW,0
3148-BLQJT,1
4487-ZYJZK,0
2189-UXTKY,1
8990-YOZLV,0
4952-YSOGZ,1
4955-VCWBI,0
3533-UVMOM,0
7515-LODFU,0
6303-KFWSL,0
9146-JRIOX,0
4988-IQIGL,1
6625-IUTTT,0
5583-SXDAG,1
7359-WWYJV,0
5276-KQWHG,1
6253-WRFHY,0
2207-NHRJK,1
3389-YGYAI,1
1448-PWKYE,1
2706-QZIHY,0
6917-FIJHC,0
8404-VLQFB,0
4500-HKANN,0
2181-UAESM,0
0100-DUVFC,0
4662-EKDPQ,1
6715-OFDBP,1
4881-GQJTW,0
6270-OMFIW,1
6595-COKXZ,1
7074-STDCN,0
2688-BHGOG,0
3259-QMXUN,0
9715-SBVSU,0
1755-FZQEC,0
9931-KGHOA,0
8670-ERCJH,0
5781-BKHOP,0
6509-TSGWN,0
4088-YLDSU,1
2843-CQMEG,0
6629-LADHQ,0
9337-SRRNI,0
0281-CNTZX,0
4115-BNPJY,0
5680-LQOGP,0
8515-OCTJS,1
5760-WRAHC,0
2277-AXSDC,0
3884-HCSWG,1
3638-WEABW,0
2511-ALLCS,0
5161-UBZXI,0
2479-BRAMR,1
1104-TNLZA,0
7483-IQWIB,0
4980-URKXC,0
2223-GDSHL,0
9677-AVKED,0
7607-QKKTJ,0
3748-FVMZZ,0
3178-FESZO,1
3247-MHJKM,0
3865-QBWSJ,0
5468-BPMMO,0
4377-VDHYI,0
2027-OAQQC,1
3588-WSTTJ,0
0742-NXBGR,1
5569-OUICF,1
3569-VLDHH,0
7341-LXCAF,1
7356-IWLFW,0
8887-IPQNC,0
0531-XBKMM,0
9391-TTOYH,0
3071-MVJCD,0
7647-GYYKX,0
5054-IEXZT,1
2842-BCQGE,0
5242-UOWHD,0
0016-QLJIS,0
3234-VKACU,0
4163-HFTUK,0
0886-QGENL,1
3629-WEAAM,0
3030-ZKIWL,0
6110-OHIHY,1
1794-HBQTJ,1
9415-DPEWS,1
0139-IVFJG,0
8648-PFRMP,0
0880-FVFWF,0
7943-RQCHR,1
9661-ACXBS,1
2212-LYASK,0
3927-NLNRY,1
8034-RYTVV,0
4324-AHJKS,0
8166-ORCHU,0
6457-USBER,1
2359-KMGLI,1
6770-XUAGN,1
1251-KRREG,1
9013-AQORL,0
3585-YNADK,0
6061-PQHMK,0
1842-EZJMK,1
6900-RBKER,0
6646-JPPHA,0
1544-JJMYL,0
9503-XJUME,0
5970-GHJAW,0
7446-SFAOA,0
5232-NXPAY,0
9124-LHCJQ,1
4283-FUTGF,1
5336-UFNZP,0
4355-HBJHH,1
4322-RCYMT,1
9052-DHNKM,0
2135-RXIHG,1
2682-KEVRP,0
7718-RXDGG,0
1574-DYCWE,0
0504-HHAPI,1
3752-CQSJI,0
8919-FYFQZ,1
0516-VRYBW,1
9405-GPBBG,0
2869-ADAWR,1
0559-CKHUS,0
1370-GGAWX,0
1571-SAVHK,1
1661-CZBAU,0
3126-WQMGH,0
4086-ATNFV,0
6139-ZZRBQ,0
9624-EGDEQ,0
5656-MJEFC,0
0022-TCJCI,1
8853-TZDGH,0
6096-EGVTU,0
5202-IVJNU,1
6461-SZMCV,0
3948-KXDUF,0
1930-QPBVZ,0
3850-OKINF,0
7284-ZZLOH,0
7905-TVXTA,0
7853-OETYL,0
2634-HCZGT,1
3920-HIHMQ,0
0643-OKLRP,1
8309-PPCED,0
7636-PEPNS,0
6663-JOCQO,0
8966-OIQHG,0
2834-SPCJV,1
3164-AALRN,1
5278-PNYOX,0
8092-NLTGF,0
7129-CAKJW,0
1336-EZFZY,0
3794-NFNCH,0
4009-ALQFH,1
9850-OWRHQ,1
7554-AKDQF,0
1095-WGNGG,0
4139-SUGLD,1
4070-OKWVH,0
4791-QRGMF,1
5966-EMAZU,0
4720-VSTSI,1
0595-ITUDF,0
4054-CUMIA,0
4328-VUFWD,0
0585-EGDDA,0
1270-XKUCC,0
5844-QVTAT,0
0621-CXBKL,0
3129-AAQOU,0
9860-LISIZ,0
1136-XGEQU,0
6581-NQCBA,1
0876-WDUUZ,1
4315-MURBD,1
4636-TVXVG,0
0379-DJQHR,0
9036-CSKBW,0
4685-ERGHK,0
7966-YOTQW,0
0475-RIJEP,1
1167-OYZJF,0
2139-FQHLM,0
6746-WAUWT,0
0960-HUWBM,0
2325-WINES,0
4661-NJEUX,0
9103-CXVOK,0
2676-SSLTO,0
3545-CNWRG,0
0362-ZBZWJ,1
6885-PKOAM,0
5372-FBKBN,0
0201-MIBOL,0
7622-FWGEW,0
7929-SKFGK,0
7396-VJUZB,0
3468-DRVQJ,0
0129-KPTWJ,0
5298-GSTLM,0
2138-VFAPZ,0
2122-SZZZD,0
9495-REDIY,0
7449-HVPIV,0
7445-WMRBW,0
4674-HGNUA,0
2578-JQPHZ,0
8063-RJYNF,1
1264-BYWMS,1
7279-NMVJC,0
7328-ZJAJO,0
6527-PZFPV,0
3955-JBZZM,0
0233-FTHAV,0
4078-SAYYN,1
6140-QNRQQ,1
7274-RTAPZ,1
7176-WIONM,0
9658-WYUFB,1
7271-AJDTL,0
0744-BIKKF,0
4597-NUCQV,1
7927-AUXBZ,1
1776-SPBWV,0
2954-PIBKO,0
4184-VODJZ,0
6080-LNESI,0
7138-GIRSH,0
1399-UBQIU,0
2023-VQFDL,0
3891-NLXJB,0
7246-ZGQDF,0
2225-ZRGSG,1
4883-KCPZJ,0
6734-JDTTV,0
0486-LGCCH,0
3813-DHBBB,0
2338-BQEZT,0
6522-OIQSX,0
3707-GNWHM,1
8915-NNTRC,0
5377-NDTOU,0
1866-ZSLJM,0
0234-TEVTT,0
4616-EWBNJ,0
1397-XKKWR,0
2085-JVGAD,0
1766-GKNMI,0
2137-DQMEV,0
5160-UXJED,0
0696-UKTOX,0
2691-NZETQ,1
4480-QQRHC,0
7492-TAFJD,0
3655-SNQYZ,0
0495-RVCBF,1
1543-LLLFT,0
5056-FIMPT,0
5294-IMHHT,0
7872-RDDLZ,0
1389-WNUIB,0
9674-EHPPG,0
0691-JVSYA,1
7017-VFHAY,0
6583-QGCSI,1
3967-KXAPS,0
6476-YHMGA,0
8752-GHJFU,0
6921-OZMFH,0
9626-WEQRM,0
0824-VWDPO,0
1855-AGAWH,0
5055-BRMNE,0
9139-WQQDY,1
4936-YPJNK,0
6986-IJDHX,1
3606-SBKRY,0
4291-HYEBC,0
6173-ITPWD,1
1660-HSOOQ,1
9168-INPSZ,0
0568-ONFPC,1
9135-MGVPY,0
3470-OBUET,0
3547-LQRIK,0
6476-EPYZR,0
3717-OEAUQ,0
8944-AILEF,0
6407-GSJNL,0
8672-OAUPW,0
4503-BDXBD,1
9773-PEQBZ,0
5816-QVHRX,0
0334-GDDSO,1
7551-JOHTI,1
3088-FVYWK,0
9224-VTYID,0
4468-KAZHE,0
2690-DVRVK,0
6745-JEFZB,0
7488-MXJIV,1
5857-TYBCJ,0
4137-BTIKL,0
1049-FYSYG,0
8314-DPQHL,0
1744-JHKYS,0
2040-VZIKE,0
7916-VCCPB,0
0929-HYQEW,0
1089-XZWHH,0
4994-OBRSZ,0
5020-ZSTTY,1
8541-QVFKM,0
3452-SRFEG,0
6614-VBEGU,0
2789-CZANW,0
0549-CYCQN,0
7673-BQGKU,0
3312-UUMZW,0
0691-IFBQW,1
1320-GVNHT,0
7501-VTYLJ,0
9474-PHLYD,1
0971-QIFJK,0
5996-NRVXR,0
9833-TGFHX,0
8294-UIMBA,0
3427-GGZZI,0
1666-JZPZT,0
4742-DRORA,0
0320-DWVTU,0
7989-CHGTL,1
0156-FVPTA,1
7781-EWARA,0
0040-HALCW,0
3508-VLHCZ,0
4710-FDUIZ,1
2926-JEJJC,0
5329-KRDTM,0
0613-WUXUM,0
6661-EIPZC,0
5696-CEIQJ,0
0670-ANMUU,0
5173-WXOQV,0
5876-HZVZM,1
9050-QLROH,1
3551-HUAZH,1
3863-QSTYI,0
6857-VWJDT,1
1493-AMTIE,1
0254-KCJGT,0
9087-EYCPR,0
4182-BGSIQ,0
0524-IAVZO,1
0225-ZORZP,0
3672-YITQD,1
4419-UJMUS,0
2692-BUCFV,0
1670-SVOWZ,1
7547-EKNFS,1
0530-IJVDB,0
9451-LPGOO,1
0411-EZJZE,0
2077-DDHJK,0
8806-EAGWC,1
8976-OQHGT,1
4488-PSYCG,1
3865-YIOTT,0
1591-NFNLQ,1
2360-RDGRO,0
2832-KJCRD,0
0442-TDYUO,0
6907-NZZIJ,1
9862-KJTYK,0
5514-YQENT,0
4489-SNOJF,1
0567-GGCAC,0
5324-KTGCG,0
9950-MTGYX,0
3165-HDOEW,1
1335-MXCSE,0
4118-CEVPF,0
3521-MNKLV,0
2960-NKRSO,0
4513-CXYIX,0
1137-DGOWI,0
4833-QTJNO,0
3694-GLTJM,0
9483-GCPWE,0
1216-BGTSP,0
9097-ZUBYC,0
1116-DXXDF,0
5022-KVDQT,0
2363-BJLSL,0
8097-OMULG,0
1830-GGFNM,0
9640-ZSLDC,0
2369-FEVNO,0
7359-PTSXY,1
5777-KJIRB,0
5394-MEITZ,0
8295-FHIVV,0
1925-TIBLE,1
6418-HNFED,0
0685-MLYYM,1
7452-FOLON,0
3703-TTEPD,0
8272-ONJLV,0
8979-CAMGB,0
5622-UEJFI,0
3181-MIZBN,0
9093-FPDLG,0
5192-EBGOV,1
6960-HVYXR,1
1125-SNVCK,0
1730-VFMWO,0
8937-RDTHP,1
0562-KBDVM,0
5231-FIQPA,0
1333-PBMXB,0
5076-YVXCM,0
8167-GJLRN,0
5171-EPLKN,0
8148-BPLZQ,0
7665-VIGUD,0
8637-XJIVR,1
9699-UBQFS,0
5820-PTRYM,0
8835-VSDSE,1
9102-IAYHT,1
7021-XSNYE,0
7306-YDSOI,0
3638-VBZTA,0
6701-YVNQG,0
5055-MGMGF,0
8757-TFHHJ,0
4657-FWVFY,0
8974-OVACP,0
4829-AUOAX,1
7980-MHFLQ,0
3797-FKOGQ,0
0380-NEAVX,0
9066-QRSDU,0
7669-LCRSD,0
6284-KMNUF,0
2676-OXPPQ,0
2878-DHMIN,0
1925-LFCZZ,0
5977-CKHON,0
2522-AHJXR,0
5702-SKUOB,0
1492-KGETH,0
6464-KEXXH,0
4505-EXZHB,1
1784-BXEFA,0
0422-OHQHQ,0
9514-JDSKI,1
7110-BDTWG,0
9881-VCZEP,0
9948-YPTDG,1
2058-DCJBE,1
5419-JKZNQ,0
7982-VCELR,0
8006-PYCSW,0
7703-ZEKEF,1
4402-FTBXC,0
2792-VPPET,0
2685-SREOM,1
7338-ERIVA,0
1157-BQCUW,1
9571-EDEBV,0
7572-KPVKK,0
6207-WIOLX,1
5318-YKDPV,0
7598-UAASY,1
8904-OPDCK,0
2075-PUEPR,0
8443-ZRDBZ,1
6357-JJPQT,0
4625-LAMOB,0
5787-KXGIY,0
8685-WHQPW,1
7336-RLLRH,0
7711-GQBZC,0
0458-HEUZG,0
1469-LBJQJ,0
1963-SVUCV,1
3717-FDJFU,0
0787-LHDYT,0
2990-HWIML,1
2484-DGXPZ,1
2045-BMBTJ,0
7693-LCKZL,1
4587-VVTOX,1
8129-GMVGI,0
8617-ENBDS,0
3569-EDBPQ,0
7595-EUIVN,1
6559-RAKOZ,0
7108-DGVUU,0
9408-SSNVZ,1
2754-VDLTR,1
6646-VRFOL,1
2239-JALAW,1
8563-IIOXK,1
4307-KTUMW,1
4759-TRPLW,1
1724-IQWNM,0
0853-NWIFK,0
2181-TIDSV,0
8042-JVNFH,1
6435-SRWBJ,0
4903-CNOZC,0
8707-HOEDG,0
1915-OAKWD,0
9958-MEKUC,0
2408-TZMJL,1
5014-WUQMG,0
3199-XGZCY,0
1384-RCUXW,0
4825-FUREZ,0
5063-IUOKK,0
4508-OEBEY,0
5762-TJXGK,0
4446-BZKHU,1
8065-BVEPF,0
0607-DAAHE,1
7181-BQYBV,1
8627-ZYGSZ,0
7233-PAHHL,0
4323-OHFOW,0
1918-ZBFQJ,1
1009-IRMNA,1
7576-ASEJU,0
7629-WIXZF,0
4877-EVATK,1
1075-BGWOH,1
4581-SSPWD,1
6439-LAJXL,0
3671-SHRSP,1
9754-CLVZW,0
7143-BQIBA,0
8748-HFWBO,0
5223-UZAVK,0
4826-TZEVA,0
9800-OUIGR,0
5245-VDBUR,0
4697-LUPSU,0
2999-AANRQ,0
9418-RUKPH,0
1169-SAOCL,0
2080-CAZNM,0
4827-DPADN,0
1534-OULXE,0
4903-UYAVB,1
2091-GPPIQ,0
5647-FXOTP,0
2621-UDNLU,0
3733-ZEECP,0
9822-OAOVB,0
4304-TSPVK,0
8290-YWKHZ,1
3174-AKMAS,0
2612-RANWT,1
0302-JOIVN,1
2542-HYGIQ,0
5693-PIPCS,0
4686-GEFRM,0
7349-ALMUX,0
4877-TSOFF,0
6615-ZGEDR,1
6959-GQEGV,0
0512-FLFDW,0
2024-BASKD,1
2645-QTLMB,1
2729-VNVAP,0
5630-AHZIL,0
9207-ZPANB,0
2862-PFNIK,0
8200-LGKSR,0
2669-OIDSD,0
5855-EIBDE,0
5206-XZZQI,0
9968-FFVVH,0
0628-CNQRM,1
3798-EPWRR,0
8584-KMVXD,0
5414-OFQCB,0
7649-SIJJF,0
5590-ZSKRV,0
1063-DHQJF,0
2452-MRMZF,0
6319-QSUSR,0
0306-JAELE,1
8414-OOEEL,0
7964-YESJC,0
3422-GALYP,0
4589-IUAJB,0
5149-QYTTU,0
8249-THVEC,0
1323-OOEPC,1
2819-GWENI,0
3688-FTHLT,0
3001-UNBTL,0
3620-MWJNE,0
2696-RZVZW,0
7668-XCFYV,0
7402-PWYJJ,0
8361-LTMKD,1
0853-TWRVK,0
1950-KSVVJ,0
1525-LNLOJ,0
8564-LDKFL,0
8809-XKHMD,0
8773-HHUOZ,1
1563-IWQEX,0
9426-SXNHE,0
6507-ZJSUR,0
7621-VPNET,0
0125-LZQXK,1
1791-PQHBB,0
7107-UBYKY,0
5243-SAOTC,0
3810-DVDQQ,0
0322-YINQP,1
1363-TXLSL,1
2294-SALNE,0
6967-QIQRV,0
8259-DZLIZ,0
6437-UKHMV,1
4229-CZMLL,1
3507-GASNP,0
1846-XWOQN,1
7508-KBIMB,0
5201-FRKKS,0
6726-WEXXK,0
4729-XKASR,1
9274-CNFMO,1
4195-SMMNX,1
7005-CYUIL,0
6681-ZSEXG,0
4580-TMHJU,1
0511-JTEOY,1
5095-ETBRJ,0
6082-GLJIX,0
2135-DQWAQ,0
6732-VAILE,0
1535-VTJOQ,0
9743-DQKQW,0
2501-XWWTZ,0
4174-LPGTI,1
9644-UMGQA,0
5117-IFGPS,0
6164-HAQTX,0
3058-WQDRE,0
2519-ERQOJ,0
4299-OPXEJ,0
3214-IYUUQ,0
5120-ZBLAI,0
7326-RIGQZ,0
9251-AWQGT,0
0709-TVGUR,1
9365-SRSZE,0
7137-NAXML,0
9885-MFVSU,0
0657-DOGUM,0
5533-RJFTJ,0
3720-DBRWL,0
6407-UTSLV,0
2362-IBOOY,1
0973-KYVNF,0
5821-MMEIL,0
0422-UXFAP,0
3824-RHKVR,0
9944-HKVVB,1
6650-VJONK,0
0378-XSZPU,1
3315-IKYZQ,0
2607-DHDAK,0
8445-DNBAE,0
6892-EZDTG,1
0506-YLVKJ,0
8049-WJCLQ,0
7129-AZJDE,0
3487-EARAT,0
6754-WKSHP,0
9348-YVOMK,0
6416-TVAIH,1
1122-YJBCS,0
7471-WNSUF,0
2081-KJSQF,0
8671-KKKOS,0
7880-XSOJX,0
6131-JLWZM,0
7029-RPUAV,1
1301-LOPVR,0
2167-FQSTQ,0
0428-IKYCP,0
3662-FXJFO,0
2371-JQHZZ,0
1636-NTNCO,0
0661-XEYAN,1
2254-DLXRI,0
2750-BJLSB,0
5087-SUURX,1
1343-EHPYB,1
5077-DXTCG,1
7691-XVTZH,0
8650-RHRKE,1
5384-ZTTWP,0
5269-NRGDP,0
6654-QGBZZ,0
9172-JITSM,1
9931-DCEZH,0
1349-WXNGG,1
2391-IPLOP,0
2777-PHDEI,1
6838-HVLXG,0
1891-QRQSA,0
3178-CIFOT,0
3877-JRJIP,1
7698-YFGEZ,0
9565-JSNFM,1
3063-QFSZL,1
3134-DSHVC,0
0206-TBWLC,0
1371-OJCEK,0
6427-FEFIG,0
7426-WEIJX,0
4981-FLTMF,0
4931-TRZWN,0
9342-VNIMQ,0
2105-PHWON,0
3423-HHXAO,0
7625-XCQRH,1
3078-ZKNTS,0
8436-BJUMM,1
6762-QVYJO,0
1930-WNXSB,0
1689-MRZQR,1
0230-UBYPQ,0
9110-HSGTV,0
3882-IYOIJ,0
4430-YHXGG,0
3680-CTHUH,0
2565-JSLRY,1
8208-EUMTE,0
2541-YGPKE,0
4619-EVPHY,0
3552-CTCYF,0
9289-LBQVU,0
1849-RJYIG,0
8775-CEBBJ,1
3096-JRDSO,1
0208-BPQEJ,0
6586-MYGKD,0
6804-GDMOI,1
4075-WKNIU,0
2004-OCQXK,1
1697-LYYYX,0
8659-IOOPU,0
5208-HFSBT,1
8398-TBIYD,0
6723-WSNTY,0
4726-DLWQN,0
3082-WQRVY,0
1628-BIZYP,0
8661-BOYNW,0
5364-EVNIB,1
9993-LHIEB,0
2625-TRCZQ,0
8652-YHIYU,0
7025-WCBNE,0
0810-BDHAW,0
0623-GDISB,0
8338-QIUNR,0
0626-QXNGV,0
6064-PUPMC,0
3352-ALMCK,0
9512-PHSMG,0
2839-RFSQE,1
2952-QAYZF,1
6797-LNAQX,1
4568-KNYWR,0
4609-KNNWG,0
6463-MVYRY,0
5394-SVGJV,1
0181-RITDD,0
3874-EQOEP,1
7240-FQLHE,1
6121-TNHBO,0
6890-PFRQX,0
7010-BRBUU,0
3194-ORPIK,1
1241-EZFMJ,0
9588-YRFHY,0
8676-OOQEJ,0
0311-QYWSS,0
9787-XVQIU,1
3936-QQFLL,0
6223-DHJGV,0
3750-YHRYO,0
0707-HOVVN,0
6583-KQJLK,0
2057-BOYKM,0
6874-SGLHU,0
7639-LIAYI,0
3744-ZRRDZ,1
9817-APLHW,0
0731-EBJQB,0
7670-ZBPOQ,0
4815-TUMEQ,0
3780-YVMFA,0
8882-TLVRW,0
8058-INTPH,1
1982-FEBTD,0
1406-PUQVY,0
3957-SQXML,0
4925-LMHOK,1
1751-NCDLI,0
7422-WNBTY,0
1658-BYGOY,1
1087-UDSIH,1
7779-ORAEL,0
4922-CVPDX,0
6994-FGRHH,0
3229-USWAR,0
5868-YWPDW,1
9796-BPKIW,0
7136-RVDTZ,1
6347-DCUIK,1
3522-CDKHF,0
7748-UMTRK,0
9907-SWKKF,1
8133-ANHHJ,0
1024-KPRBB,0
4123-DVHPH,0
0754-UKWQP,1
3091-FYHKI,1
4821-SJHJV,0
5871-DGTXZ,0
2929-QNSRW,1
9659-ZTWSM,0
6258-PVZWJ,0
8083-YTZES,1
9065-ZCPQX,0
8183-ONMXC,1
7047-FWEYA,0
1016-DJTSV,0
7225-IILWY,0
2486-WYVVE,0
5451-MHQOF,0
1092-GANHU,1
5955-EPOAZ,0
5701-YVSVF,0
5039-LZRQT,0
7551-DACSP,1
8610-ZIKJJ,0
7105-MXJLL,0
8109-YUOHE,0
2188-SXWVT,0
0257-KXZGU,0
8266-VBFQL,0
0556-FJEGU,0
6766-HFKLA,0
2272-WUSPA,0
7278-CKDNC,0
0708-SJDIS,0
4541-RMRLG,1
3834-XUIFC,1
9909-DFRJA,0
5019-GQVCR,0
5288-AHOUP,0
4021-RQSNY,1
0749-IRGQE,0
7439-DKZTW,0
8132-YPVBX,0
6506-EYCNH,0
1357-BIJKI,0
1038-RQOST,0
2215-ZAFGX,0
3170-NMYVV,0
5103-MHMHY,1
3740-RLMVT,0
7074-IEVOJ,1
4831-EOBFE,1
5153-RTHKF,0
1143-NMNQJ,1
5889-JTMUL,1
0898-XCGTF,0
5539-HIVAK,0
6702-OHFWR,1
5186-PEIZU,0
9555-SAHUZ,0
1307-ATKGB,0
6171-ZTVYB,0
6614-YOLAC,0
6087-YPWHO,0
8663-UPDGF,0
1171-TYKUR,0
9548-LERKT,0
6158-HDPXZ,0
7845-URHJN,1
9261-WDCAF,0
2088-IEBAU,0
5930-GBIWP,0
4285-GYRQC,1
1565-RHDJD,1
0623-EJQEG,0
2018-QKYGT,0
7065-YUNRY,1
2754-XBHTB,1
7881-INRLC,1
6878-GGDWG,0
3677-TNKIO,1
6591-QGOYB,0
9667-TKTVZ,0
0655-RBDUG,1
5568-DMXZS,0
7665-NKLAV,0
9317-WZPGV,1
3745-HRPHI,0
5047-LHVLY,1
2483-XSSMZ,0
7395-XWZOY,0
5312-IRCFR,0
5396-IZEPB,0
3161-GETRM,0
3571-RFHAR,1
5872-OEQNH,0
4716-HHKQH,0
2011-TRQYE,1
5127-BZENZ,0
4369-HTUIF,1
1518-VOWAV,1
4597-ELFTS,1
6916-HIJSE,0
9150-KPBJQ,0
8715-KKTFG,0
4529-CKBCL,1
2176-LVPNX,0
5756-OZRIO,0
8577-QSOCG,0
2749-CTKAJ,0
4803-AXVYP,1
3712-PKXZA,0
5985-BEHZK,0
1334-FJSVR,1
5949-EBSQK,1
2957-LOLHO,1
5380-AFSSK,1
7799-LGRDP,0
0928-JMXNP,0
5440-VHLUL,0
0178-CIIKR,0
8992-VONJD,0
4693-VWVBO,0
7089-RKVSZ,0
2091-MJTFX,1
5600-KTXFM,0
5133-VRSAB,0
4512-ZUIYL,1
6365-HITVU,0
6615-NGGZJ,1
7520-HQWJU,0
3280-NMUVX,0
1448-CYWKC,0
2466-NEJOJ,0
4537-DKTAL,0
1977-STDKI,1
7242-QZLXF,1
6447-EGDIV,0
8486-AYEQH,0
4632-XJMEX,0
2272-QAGFO,1
7470-DYNOE,0
5366-OBVMR,0
7975-TZMLR,0
7302-ZHMHP,0
4534-WGCIR,0
7109-CQYUZ,0
5995-WWKKG,0
4811-JBUVU,0
8883-GRDWQ,0
0916-QOFDP,0
4698-KVLLG,0
2001-MCUUW,0
8929-KSWIH,0
1073-XXCZD,0
7799-DSEWS,0
3084-DOWLE,0
3786-WOVKF,0
3097-NNSPB,1
1703-MGIAB,0
1360-RCYRT,0
5325-UWTWJ,0
1094-BKOSX,0
6122-EFVKN,0
1428-GTBJJ,1
0080-OROZO,0
6374-AFWOX,0
8033-ATFAS,0
8331-ZXFOE,0
0248-IPDFW,0
5512-IDZEI,0
1170-SASML,0
3785-KTYSH,0
9625-QNLUX,0
9795-NREXC,0
3230-IUALN,0
3932-IJWDZ,0
7950-XWOVN,0
0218-QNVAS,0
0343-QLUZP,0
7089-IVVAZ,1
9788-HNGUT,0
2322-VCZHZ,0
1140-UKVZG,0
3518-FSTWG,0
0017-IUDMW,0
2662-NNTDK,0
6563-VNPMN,0
7024-OHCCK,1
3113-IWHLC,0
6849-OYAMU,1
1401-FTHFQ,0
1697-NVVGY,0
9357-UJRUN,0
2195-ZRVAX,1
2154-KVJFF,1
4550-EVXNY,1
1237-WIYYZ,0
5236-PERKL,1
1485-YDHMM,0
5574-NXZIU,0
9820-RMCQV,1
3120-FAZKD,0
2065-MMKGR,0
3284-SVCRO,0
4706-DGAHW,0
7742-MYPGI,0
2878-RMWXY,0
8898-KASCD,0
3520-FJGCV,0
1131-QQZEB,0
9496-IVVRP,0
3950-VPYJB,0
6671-NGWON,0
6469-QJKZW,0
4189-NAKJS,0
5178-LMXOP,1
5176-LMJXE,0
5998-VVEJY,1
2330-PQGDQ,0
5159-YFPKQ,1
6168-YBYNP,0
4827-LTQRJ,0
9018-PCIOK,0
3374-LXDEV,1
0137-UDEUO,1
0386-CWRGM,0
1976-AZZPJ,0
2155-AMQRX,0
5457-COLHT,0
8267-KFGYD,0
9828-AOQLM,1
0536-ACXIP,0
0835-DUUIQ,0
3088-LHEFH,0
3269-ATYWD,1
2272-JKMSI,0
0487-CRLZF,0
5494-WOZRZ,0
2616-UUTFK,0
9643-AVVWI,0
9617-INGJY,0
2187-LZGPL,1
6340-DACFT,0
8456-QDAVC,0
1596-BBVTG,1
9600-UDOPK,1
9137-NOQKA,0
7931-PXHFC,1
7841-FCRQD,0
0122-OAHPZ,1
3633-CDBUW,0
2826-DXLQO,0
8774-GSBUN,0
9777-IQHWP,0
4132-POCZS,0
1985-MBRYP,0
8763-KIAFH,0
6734-FQAJX,0
5893-PYOLZ,0
5914-XRFQB,0
1376-HHBDV,0
7890-VYYWG,1
5304-EFJLP,0
7893-IXHRQ,1
0378-CJKPV,0
2959-MJHIC,1
1356-MKYSK,0
3298-QEICA,0
1624-WOIWJ,1
3934-HXCFZ,1
5766-ZJYBB,1
4102-OQUPX,1
1708-PBBOA,0
5804-LEPIM,1
9359-UGBTK,0
1010-DIAUQ,1
9565-DJPIB,1
4685-TFLLS,0
0997-YTLNY,0
1324-NLTJE,1
4782-OSFXZ,0
5482-VXSXJ,0
3584-WKTTW,0
8224-UAXBZ,0
2606-PKWJB,0
4003-OCTMP,0
0068-FIGTF,0
5445-PZWGX,1
6877-TJMBR,1
5256-SKJGO,0
4424-TKOPW,1
0810-DHDBD,0
4472-VESGY,0
7375-WMVMT,0
6655-LHBYW,0
3106-ULWFW,1
7672-VFMXZ,0
6408-OTUBZ,0
2380-DAMQP,0
3865-ZFZIB,0
0771-WLCLA,0
5168-MQQCA,0
3842-QTGDL,0
5248-KWLAR,0
8189-HBVRW,0
1481-ZUWZA,1
0440-UEDAI,0
4537-CIBHB,0
1897-OKVMW,0
8640-SDGKB,1
1241-FPMOF,0
3426-NIYYL,1
2684-EIWEO,1
4942-VZZOM,0
2309-OSFEU,1
6178-KFNHS,1
5781-RFZRP,0
0203-HHYIJ,1
5158-RIVOP,0
3466-RITXD,0
6036-TTFYU,0
2056-EVGZL,0
4184-TJFAN,1
1116-FRYVH,0
8623-TMRBY,1
7714-YXSMB,0
6339-YPSAH,0
2796-NNUFI,0
5443-SCMKX,0
8430-TWCBX,0
4183-MYFRB,0
0716-BQNDX,0
2466-FCCPT,0
2242-MFOTG,0
4439-YRNVD,0
8624-GIOUT,1
3768-VHXQO,0
5356-RHIPP,1
3577-AMVUX,0
7739-LAXOG,1
3082-YVEKW,0
7064-JHXCE,0
4825-XJGDM,0
9522-BNTHX,0
3530-VWVGU,0
8059-UDZFY,0
8481-YYXWG,1
8413-VONUO,1
1106-HRLKZ,0
8313-KTIHG,0
5356-CSVSQ,0
9398-MMQTO,0
2055-BFOCC,0
2103-ZRXFN,0
2958-NHPPS,0
3261-CQXOL,0
9824-BEMCV,1
5424-RLQLC,0
3317-HRTNN,1
8263-OKETD,0
5666-CYCYZ,0
0078-XZMHT,0
3566-CAAYU,0
9054-FOWNV,0
0599-XNYDO,0
3891-PUQOD,1
8727-XDPUD,0
5884-GCYMI,1
0734-OXWBT,0
8066-POXGX,1
4353-HYOJD,0
1297-VQDRP,0
6322-PJJDJ,0
4840-ORQXB,0
8861-HGGKB,1
9206-GVPEQ,1
4458-KVRBJ,0
8510-TMWYB,0
4702-HDRKD,0
0303-UNCIP,0
4625-XMOYM,0
4079-ULGFR,0
3137-LUPIX,0
1212-GLHMD,0
6490-FGZAT,0
8212-DJRCH,0
1064-FBXNK,0
9488-FYQAU,0
2040-OBMLJ,0
4913-EHYUI,1
7321-KKSDU,0
2172-EJXVF,0
8257-RZAHR,1
5057-RKGLH,0
5378-IKEEG,1
0526-SXDJP,0
6289-CPNLD,1
0036-IHMOT,0
3030-YZADT,1
8197-BFWVU,0
6485-QXWWE,0
7753-USQYQ,0
9314-QDMDW,0
7379-POKDZ,1
8630-QSGXK,0
8165-ZJRNM,0
0620-XEFWH,0
6078-VESFR,0
1403-LKLIK,0
3340-QBBFM,0
6689-VRRTK,0
7833-PKIHD,0
9297-FVVDH,0
1269-FOYWN,0
4937-QPZPO,0
1803-BGNBD,0
2208-UGTGR,0
9916-AYHTC,0
8292-FRFZQ,0
4821-WQOYN,0
1209-VFFOC,0
0644-OQMDK,0
0089-IIQKO,0
6127-IYJOZ,0
2040-LDIWQ,0
7964-ZRKKG,0
1575-KRZZE,0
4926-UMJZD,0
4223-BKEOR,0
3795-GWTRD,0
5081-NWSUP,0
6586-PSJOX,0
2619-WFQWU,1
1228-ZLNBX,0
0329-GTIAJ,1
7693-QPEFS,0
2660-EMUBI,1
6261-LHRTG,0
6393-WRYZE,1
5339-TJFEK,0
2039-JONDJ,0
6574-MCOEH,0
2892-GESUL,0
0093-EXYQL,0
3926-YZVVX,0
7102-JJVTX,0
8967-SZQAS,0
9972-VAFJJ,0
0690-SRQID,0
3404-JNXAX,0
6898-RBTLU,0
6705-LXORM,0
6599-RCLCJ,1
1051-EQPZR,0
2580-ATZSQ,0
8173-RXAYP,0
4080-OGPJL,1
6981-TDRFT,0
0603-OLQDC,0
5519-NPHVG,1
5090-EMGTC,0
3896-RCYYE,0
2085-BOJKI,0
4770-UEZOX,0
1548-FEHVL,0
5366-IJEQJ,1
2307-FYNNL,0
8295-KMENE,0
5606-AMZBO,0
0757-WCUUZ,0
6668-CNMFP,0
7014-ZZXAW,0
5032-USPKF,0
8879-XUAHX,0
3838-OZURD,1
0867-LDTTC,0
6543-CPZMK,1
2162-FRZAA,0
7898-PDWQE,0
1866-DIOQZ,0
8374-UULRV,0
8952-WCVCD,0
9253-VIFJQ,0
3923-CSIHK,1
8623-ULFNQ,0
1814-DKOLC,0
2037-XJFUP,1
1036-GUDCL,0
8000-REIQB,1
8734-DKSTZ,0
4992-LTJNE,0
6060-DRTNL,1
3039-MJSLN,0
1600-DILPE,0
9638-JIQYA,0
8075-GXIUB,0
3407-JMJQQ,0
6603-QWSPR,0
0222-CNVPT,0
3071-VBYPO,0
8573-JGCZW,0
6516-NKQBO,0
8865-TNMNX,0
1213-NGCUN,1
6837-HAEVO,0
3776-EKTKM,1
0060-FUALY,0
0230-WEQUW,0
5376-DEQCP,1
7465-ZZRVX,0
8267-ZNYVZ,1
5651-WYIPH,0
4342-HFXWS,0
0064-SUDOG,0
9845-PEEKO,0
9480-BQJEI,0
0880-TKATG,1
0637-YLETY,1
8552-OBVRU,0
5813-UECBU,1
9518-IMLHK,0
1219-NNDDO,0
8332-OSJDW,0
4332-MUOEZ,0
2157-MXBJS,1
5914-DVBWJ,1
7480-QNVZJ,1
0148-DCDOS,1
5915-DGNVC,0
7291-CDTMJ,0
2369-UAPKZ,1
7410-YTJIK,1
3391-JSQEW,0
9070-BCKQP,0
5057-LCOUI,1
7161-DFHUF,0
2651-ZCBXV,0
3755-JBMNH,1
0913-XWSCN,0
5402-HTOTQ,0
1273-MTETI,1
8174-LNWMW,0
8125-QPFJD,0
0265-EDXBD,1
0056-EPFBG,0
5110-CHOPY,0
6383-ZTSIW,0
8901-UPRHR,0
0667-NSRGI,0
8262-COGGB,0
0854-UYHZD,0
4361-BKAXE,1
2782-LFZVW,0
7217-JYHOQ,0
3506-OVLKD,0
9332-GYWLO,0
3729-OWRVL,0
5906-DVAPM,0
3990-QYKBE,1
1178-PZGAB,0
5275-PMFUT,0
1215-EXRMO,0
6818-WOBHJ,1
6040-CGACY,0
3999-QGRJH,1
6625-UTXEW,0
4612-SSVHJ,0
9367-OIUXP,0
6807-SIWJI,0
3308-MHOOC,0
5122-CYFXA,0
6416-YJTTB,0
1576-PFZIW,0
0365-TRTPY,0
6959-UWKHF,1
2460-FPSYH,1
5565-FILXA,1
6941-KXRRV,0
8099-MZPUJ,0
2180-DXNEG,1
1699-UOTXU,0
8961-QDZZJ,0
1627-AFWVJ,0
8590-OHDIW,0
1555-HAPSU,0
2265-CYWIV,1
1163-VIPRI,0
0215-BQKGS,0
2546-KZAAT,0
2397-BRLOM,1
9389-ACWBI,0
4072-IPYLT,0
5022-JNQEQ,0
2696-NARTR,1
5515-RUGKN,0
4223-WOZCM,0
1583-IHQZE,1
8089-UZWLX,0
3441-CGZJH,0
4135-FRWKJ,0
8728-SKJLR,0
1496-GGSUK,1
8565-HBFNN,0
4090-KPJIP,0
8189-DUKMV,0
0547-HURJB,0
4701-MLJPN,1
9500-WBGRP,0
1972-XMUWV,0
6614-FHDBO,0
1452-VOQCH,0
9537-JALFH,0
9805-FILKB,0
8409-WQJUX,0
4598-XLKNJ,1
8138-EALND,0
0197-PNKNK,0
6127-ISGTU,1
2034-GDRCN,1
8361-LBRDI,0
9570-KYEUA,0
8610-WFCJF,1
7707-PYBBH,0
0780-XNZFN,0
9481-IEBZY,0
8220-OCUFY,0
4080-IIARD,0
1261-FWTTE,0
7895-VONWT,0
5480-TBGPH,1
4826-XTSOH,1
2974-GGUXS,0
6650-BWFRT,0
9025-AOMKI,1
0076-LVEPS,0
6987-XQSJT,1
5226-NOZFC,0
6821-JPCDC,0
9419-IPPBE,0
0235-KGSLC,1
2176-OSJUV,0
9819-FBNSV,0
8080-POTJR,0
2674-MLXMN,0
6198-ZFIOJ,0
0778-NELLA,1
6030-REHUX,0
6348-SNFUS,0
7593-XFKDI,1
8606-CIQUL,0
1309-XGFSN,0
1122-JWTJW,1
2347-WKKAE,0
6656-JWRQX,0
2126-GSEGL,0
8711-LOBKY,0
2080-SRCDE,0
1642-HMARX,0
9251-WNSOD,0
9795-SHUHB,0
8540-ZQGEA,0
9257-AZMTZ,0
5716-EZXZN,0
3067-SVMTC,0
5730-RIITO,0
4795-UXVCJ,0
8621-MNIHH,1
0727-IWKVK,1
1084-MNSMJ,0
7579-OOPEC,1
9055-MOJJJ,0
1552-CZCLL,0
4737-HOBAX,0
8620-RJPZN,0
6353-BRMMA,0
8571-ZCMCX,0
7879-CGSFV,0
1298-PHBTI,0
0134-XWXCE,0
4652-ODEVH,0
2898-MRKPI,0
1480-IVEVR,0
1400-MMYXY,1
2668-TZSPS,0
2262-SLNVK,0
5071-FBJFS,0
4134-BSXLX,0
8242-JSVBO,0
6022-UGGSO,1
8039-EQPIM,0
6300-BWMJX,0
8844-TONUD,1
6733-LRIZX,0
5447-WZAFP,0
7167-PCEYD,0
2806-MLNTI,0
1396-QWFBJ,1
3179-GBRWV,0
2219-MVUSO,1
3192-NQECA,1
6439-GTPCA,1
3988-RQIXO,1
5876-QMYLD,0
5035-PGZXH,0
3219-JQRSL,0
7579-KKLOE,0
1052-QJIBV,0
7299-GNVPL,0
4884-TVUQF,0
6961-VCPMC,1
0602-DDUML,0
2013-SGDXK,1
4672-FOTSD,0
8625-AZYZY,1
3370-GQEAL,0
8766-PAFNE,0
2034-CGRHZ,1
7868-BGSZA,0
9391-LMANN,0
3489-VSFRD,0
7147-AYBAA,0
4872-JCVCA,0
5716-LIBJC,0
2703-AMTUL,0
8329-UTMVM,0
6817-WTYHE,0
3606-TWKGI,1
7542-CYDDM,0
7356-AYNJP,0
2851-STERV,0
4837-QUSFT,0
8972-HJWNV,1
7851-FLGGQ,1
3074-GQWYX,1
0668-OGMHD,0
9402-ORRAH,0
8454-AATJP,0
8194-PEEBY,0
4680-KUTAJ,0
4389-UEFCZ,0
1053-MXTTK,0
5671-RQRLP,0
1550-LOAHA,1
1282-IHQAC,0
5843-TTHGI,0
9620-QJREV,0
3295-YVUSR,0
9851-QXEEQ,1
2018-PZKMU,0
8874-EJNSR,0
4846-WHAFZ,1
5143-EGQFK,1
9526-JAWYF,1
9938-ZREHM,0
8727-JQFHV,0
3908-BLSYF,1
9906-NHHVC,0
3638-DIMPH,0
5478-JJVZK,0
0285-INHLN,0
7881-EVUAD,1
6897-UUBNU,0
6180-YBIQI,0
3841-NFECX,0
4786-UKSNZ,1
0678-RLHVP,0
4061-UKJWL,0
8383-SGHJU,0
6377-KSLXC,0
8993-PHFWD,1
6017-PPLPX,1
5485-WUYWF,1
0237-YFUTL,0
9840-DVNDC,1
4063-EIKNQ,0
9391-DXGGG,0
4312-KFRXN,0
1820-DJFPH,0
4625-EWPTF,1
6569-KTMDU,0
6867-ACCZI,0
4884-ZTHVF,0
2805-EDJPQ,0
3244-DCJWY,1
3973-SKMLN,0
4439-JMPMT,1
0956-ACVZC,0
4608-LCIMN,0
2984-RGEYA,0
6365-MTGZX,1
2054-PJOCK,0
6908-VVYHM,0
5732-IKGQH,0
8155-IBNHG,1
4376-KFVRS,0
6198-RTPMF,0
5846-NEQVZ,0
3914-FDRHP,0
6061-GWWAV,0
6217-TOWGS,0
4585-HETAI,1
1205-WNWPJ,1
1346-PJWTK,0
7408-OFWXJ,0
5802-ADBRC,0
6048-NJXHX,0
4404-HIBDJ,1
6988-CJEYV,0
1732-VHUBQ,1
5605-IYGFG,0
2332-TODQS,0
6164-HXUGH,0
3951-NJCVI,0
1150-FTQGN,0
1035-IPQPU,0
9766-HGEDE,0
5176-LDKUH,0
4277-BWBML,0
9891-NQDBD,0
0829-XXPLX,0
7395-IGJOS,1
6173-GOLSU,0
0841-NULXI,1
8231-BSWXX,0
5614-DNZCE,0
4226-KKDON,0
5130-YPIRV,0
8670-MEFCP,0
9544-PYPSJ,0
6235-VDHOM,1
2236-HILPA,0
5678-VFNEQ,0
2067-QYTCF,0
9453-PATOS,0
7609-NRNCA,0
0019-EFAEP,0
9758-MFWGD,0
4659-NZRUF,1
6627-CFOSN,0
0650-BWOZN,0
0899-LIIBW,0
1395-WSWXR,0
9894-QMIMJ,0
2996-XAUVF,0
8356-WUAOJ,0
9866-QEVEE,1
8717-VCTXJ,0
3283-WCWXT,0
0397-GZBBC,1
7175-NTIXE,0
5322-TEUJK,0
5141-ZUVBH,0
3933-DQPWX,0
0608-JDVEC,0
7301-ABVAD,0
4029-HPFVY,0
7785-RDVIG,0
3192-LNKRK,0
0621-HJWXJ,0
9584-EXCDZ,0
0303-WMMRN,0
2202-OUTMO,0
6670-MFRPK,0
9702-AIUJO,0
7442-YGZFK,0
9774-NRNAU,0
9554-DFKIC,0
9391-YZEJW,0
0816-TSPHQ,0
8401-EMUWF,0
7234-FECYN,1
2683-JXWQQ,0
2249-YPRNG,1
9689-PTNPG,1
4480-MBMLB,0
1698-XFZCI,0
5965-GGPRW,0
9863-JZAIC,1
7989-VCQOH,0
1066-JKSGK,1
3938-YFPXD,0
3223-WZWJM,1
0442-ZXKVS,0
5297-MDOIR,0
6179-GJPSO,1
3190-XFANI,1
0440-QEXBZ,0
6212-ATMLK,0
6380-ARCEH,0
7666-WKRON,1
9057-MSWCO,1
5906-BFOZT,0
4199-QHJNM,0
7251-LJBQN,0
3870-SPZSI,0
1904-WAJAA,0
1410-RSCMR,0
0506-LVNGN,1
4640-UHDOS,1
2450-ZKEED,0
6907-CQGPN,0
4231-LZUYM,0
8364-TRMMK,1
5908-QMGOE,1
9588-OZDMQ,0
0940-OUQEC,1
5349-IECLD,1
5186-EJEGL,0
5729-KLZAR,1
8821-KVZKQ,0
8805-JNRAZ,0
9470-YFUYI,0
1222-LRYKO,0
3969-JQABI,0
0254-WWRKD,0
8397-MVTAZ,1
9720-JJJOR,0
0447-RXSGD,0
7823-JSOAG,0
7503-MIOGA,0
9518-RWHZL,1
7831-QGOXH,1
0327-WFZSY,0
6873-UDNLD,0
7576-OYWBN,1
9524-EGPJC,1
2636-ALXXZ,1
0842-IWYCP,0
9102-OXKFY,0
3580-REOAC,1
7322-OCWHC,0
5799-JRCZO,0
0917-EZOLA,1
1699-HPSBG,1
3639-XJHKQ,0
3278-FSIXX,0
4403-BWPAY,0
4837-PZTIC,0
7993-NQLJE,0
7609-YBPXG,0
2860-RANUS,1
1635-FJFCC,0
5914-GXMDA,0
4124-MMETB,1
1567-DSCIC,1
9101-NTIXF,0
6447-GORXK,0
7130-CTCUS,0
2773-MADBQ,0
2143-LJULT,0
0186-CAERR,0
8150-QUDFX,0
8902-ZEOVF,0
1258-YMZNM,0
5018-GWURO,0
9611-CTWIH,1
8161-QYMTT,0
3329-WDIOK,1
0048-LUMLS,0
6967-PEJLL,0
3845-FXCYS,0
6645-MXQJT,0
8434-VGEQQ,0
4686-UXDML,0
1902-XBTFB,1
1724-BQUHA,1
8756-RDDLT,0
9451-WLYRI,0
9610-WCESF,0
8292-ITGYJ,0
5913-INRQV,0
1680-VDCWW,0
0310-SUCIN,0
5156-UMKOW,0
3739-YBWAB,0
0906-QVPMS,0
3797-VTIDR,1
2251-PYLPB,0
6510-UPNKS,0
2433-KMEAS,1
0244-LGNFY,0
8720-RQSBJ,0
0980-PVMRC,0
0536-ESJEP,0
9030-QGZNL,0
3420-ZDBMA,0
8894-JVDCV,0
6953-PBDIN,0
2205-YMZZJ,1
5307-UVGNB,0
9309-BZGNT,0
5357-TZHPP,1
9964-WBQDJ,0
2075-RMJIK,0
1905-OEILC,0
6478-HRRCZ,0
5385-SUIRI,1
5143-WMWOG,1
2150-OEGBV,0
6486-LHTMA,0
7549-MYGPK,1
4431-EDMIQ,0
4086-WITJG,0
9921-ZVRHG,1
9574-RKJIF,1
8859-DZTGQ,0
6621-YOBKI,0
5296-PSYVW,0
8815-LMFLX,0
2398-YPMUR,1
8705-DWKTI,0
7182-OVLBJ,0
1309-BXVOQ,1
0396-UKGAI,0
8988-ECPJR,1
8777-MBMTS,0
3580-HYCSP,0
0564-MUUQK,0
3774-VBNXY,0
2833-SLKDQ,1
7209-JCUDS,1
2239-CGBUZ,0
9430-FRQOC,1
3703-VAVCL,1
0318-ZOPWS,0
4248-QPAVC,1
2972-YDYUW,0
4629-NRXKX,1
2761-XECQW,0
0939-YAPAF,1
7901-TBKJX,0
5318-IXUZF,1
4678-DVQEO,1
9090-SGQXL,1
9755-JHNMN,0
7957-RYHQD,1
7903-CMPEY,1
7945-PRBVF,0
6990-YNRIO,1
7394-FKDNK,1
3705-PSNGL,1
4707-MAXGU,0
0887-HJGAR,1
6370-ZVHDV,0
3858-XHYJO,0
3908-MKIMJ,0
2207-RYYRL,0
0428-AXXLJ,0
8313-AFGBW,0
8947-YRTDV,0
3387-VATUS,1
2294-DMMUS,0
0666-UXTJO,0
6979-TNDEU,0
9696-RMYBA,0
9027-YFHQJ,0
8999-XXGNS,0
4282-ACRXS,0
0839-QNXME,0
8595-SIZNC,0
4526-RMTLL,0
9732-KPKBW,1
6195-MELTI,0
3756-VNWDH,0
4274-DRSQT,0
2455-USLMV,0
2257-BOVXD,0
5968-XQIVE,0
9256-JTBNZ,0
4373-VVHQL,0
8631-XVRZL,0
5850-BDWCY,0
4000-VGMQP,0
5981-ZVXOT,0
7632-YUTXB,0
7517-LDMPS,0
0947-IDHRQ,1
5480-HPRRX,1
4860-YZGZM,0
8084-OIVBS,0
2229-DPMBI,0
2982-IHMFT,1
5879-SESNB,0
1028-FFNJK,0
5959-BELXA,1
7267-FRMJW,0
8069-RHUXK,0
8938-UMKPI,1
2000-DHJUY,0
5193-QLVZB,0
9955-QOPOY,0
5639-NTUPK,0
4951-UKAAQ,1
8166-ZZTFS,1
3525-DVKFN,0
0347-UBKUZ,0
0212-ISBBF,0
2003-CKLOR,1
6458-CYIDZ,0
2877-VDUER,0
3324-OIRTO,0
8372-JUXUI,1
6980-IMXXE,0
9614-RMGHA,1
0719-SYFRB,1
1539-LNKHM,0
9617-UDPEU,0
3524-WQDSG,0
3160-TYXLT,0
7009-PCARS,0
5597-GLBUC,1
1096-ADRUX,0
1069-XAIEM,1
6034-YMTOB,0
7663-YJHSN,0
9174-IHETN,0
5669-SRAIP,1
3325-FUYCG,1
7602-DBTOU,0
0464-WJTKO,0
2100-BDNSN,1
4430-UZIPO,1
2657-VPXTA,0
2812-ENYMO,0
1078-TDCRN,0
0968-GSIKN,1
7850-THJMU,0
2971-SGAFL,0
4361-JEIVL,1
8665-UTDHZ,1
2250-IVBWA,0
6358-LYNGM,1
1956-YIFGE,0
3365-SAIGS,0
1414-YADCW,0
9184-GALIL,0
7634-WSWDB,0
5433-KYGHE,0
0178-SZBHO,0
2632-TACXW,0
5144-PQCDZ,0
5174-ITUMV,0
1845-CSBRZ,0
6538-POCHL,0
9522-ZSINC,0
4176-RELJR,0
8234-GSZYK,0
6116-RFVHN,0
6437-UDQJM,0
6194-HBGQN,0
3594-KADLU,0
2428-HYUNX,0
3521-SYVOR,1
9873-MNDKV,0
2192-CKRLV,0
3594-BDSOA,0
0174-QRVVY,0
8091-TTVAX,0
2582-FFFZR,0
8200-KLNYW,0
0003-MKNFE,0
7718-UPSKJ,0
8474-UMLNT,0
3717-OFRTN,0
6771-XWBDM,1
6161-ERDGD,0
3506-LCJDC,1
3445-HXXGF,1
7268-IGMFD,0
5136-KCKGI,1
4800-CZMPC,1
0781-LKXBR,1
5309-TAIKL,0
6950-TWMYB,0
3896-ZVNET,0
6797-UCJHZ,0
6504-VBLFL,0
8259-NFJTV,0
0096-FCPUF,0
6388-TABGU,0
2623-DRYAM,0
0570-BFQHT,0
8221-HVAYI,0
8098-TDCBU,0
2640-LYMOV,0
4311-QTTAI,0
3540-RZJYU,1
1399-OUPJN,0
4945-RVMTE,0
5792-JALQC,0
0928-XUTSN,0
4908-XAXAY,0
6732-FZUGP,0
3061-BCKYI,0
7353-YOWFP,0
4002-BQWPQ,0
6619-RPLQZ,0
2240-HSJQD,0
2386-OWURY,0
4808-YNLEU,0
9290-SHCMB,0
2506-TNFCO,1
9675-ICXCT,0
7587-RZNME,1
7140-ADSMJ,0
8022-BECSI,0
8044-BGWPI,0
2120-SMPEX,0
1098-KFQEC,0
8903-XEBGX,0
7000-WCEVQ,1
7321-ZNSLA,0
0431-APWVY,1
7398-HPYZQ,0
4745-LSPLO,1
4648-YPBTM,0
0390-DCFDQ,1
1696-HXOWK,0
8024-XNAFQ,0
2393-DIVAI,0
6582-PLFUU,0
8769-KKTPH,0
1194-SPVSP,0
1080-BWSYE,0
8046-DNVTL,0
2165-VOEGB,1
1085-LDWAM,0
6243-OZGFH,0
6869-FGJJC,0
5816-SCGFC,0
3654-ARMGP,0
4844-JJWUY,1
5649-ANRML,1
3900-AQPHZ,1
7746-QYVCO,0
4682-BLBUC,0
3642-GKTCT,0
5848-FHRFC,0
4081-DYXAV,1
6267-DCFFZ,0
9286-DOJGF,1
2979-SXESE,1
2955-PSXOE,1
4607-CHPCA,1
2323-ARSVR,0
6496-JDSSB,0
1442-BQPVU,0
0378-TOVMS,1
5119-NZPTV,0
7055-VKGDA,1
6029-CSMJE,0
3254-YRILK,1
6418-PIQSP,0
9898-KZQDZ,1
5707-ORNDZ,1
8050-WYBND,0
4378-BZYFP,0
4342-HENTK,1
0289-IVARM,0
2580-ASVVY,0
2267-WTPYD,0
4455-BFSPD,0
4060-LDNLU,0
5172-MIGPM,0
7851-WZEKY,1
8905-IAZPF,0
8198-RKSZG,0
4785-FCIFB,0
8182-PNAGI,1
0117-LFRMW,1
8276-MQBYC,1
6972-SNKKW,0
2659-VXMWZ,1
0315-LVCRK,0
9574-BOSMD,0
3511-BFTJW,0
9746-MDMBK,0
5208-FVQKB,0
0027-KWYKW,0
3523-BRGUW,0
2293-IJWPS,0
8873-TMKGR,0
3866-MDTUB,1
6845-RGTYS,1
0909-SELIE,0
9547-ITEFG,0
6551-GNYDG,0
5306-BVTKJ,0
8029-XYPWT,0
5302-BDJNT,0
9553-DLCLU,0
8313-NDOIA,0
6252-DFGTK,0
7995-ZHHNZ,0
7346-MEDWM,0
7963-SHNDT,0
7743-EXURX,1
6689-KXGBO,1
6497-TILVL,0
6918-UMQCG,0
0409-WTMPL,0
0015-UOCOJ,0
0723-VSOBE,0
3308-DGHKL,0
4895-TMWIR,1
1754-GKYPY,0
3148-AOIQT,0
